ESN,Equipment Sys ID,Equipment Type,Equipment Class / Code,Event Type,EV Project ID,EV Equipment Event ID,OFS Event ID,FSP project ID,xxx project id,FSR Number (#),Report Issued Date,Outage Start Date,Outage End Date,PDF Name / path / identifier
297837,SY0069758,Gas Turbine,7FA.04,Borescope Inspection (BI),EVP-535936,EV-153666,153666,,A-1823120,,,29-Oct-24,26-Nov-24,/Volumes/vgpd/fsr_std_views/fsr_std_vol/FSR_After_2016/FSR_Databricks/00004423-9ebe-46e9-ac88-b0d096699d3d.pdf
T6FA04,SY0047308,Gas Turbine,6FA.03,Services Warranty,EVP-538410,EV-158263,158263,,A-1840180,,,16-Oct-23,20-10-2023,/Volumes/vgpd/fsr_std_views/fsr_std_vol/FSR_After_2016/FSR_Databricks/0000475b-c650-485f-9b36-69ef691dd7ed.pdf
270T911,SY0494702,Steam Turbine,SC5,Major Inspection (MI),EVP-524733,EV-137677,137677,,C-10371049,,,19-Aug-22,31-10-2022,/Volumes/vgpd/fsr_std_views/fsr_std_vol/FSR_After_2016/FSR_Databricks/00092826-716a-40a8-9c5f-ce307465a87f.pdf
290T911,SY0513047,Generator,9A5,Major Inspection (MI),EVP-524733,EV-137677,137677,,C-10371049,,,19-Aug-22,31-10-2022,/Volumes/vgpd/fsr_std_views/fsr_std_vol/FSR_After_2016/FSR_Databricks/00092826-716a-40a8-9c5f-ce307465a87f.pdf
804605,SY0048632,Gas Turbine,GT11N,A Inspection,,,,,C-80050690,,,18-Jan-21,,/Volumes/vgpd/fsr_std_views/fsr_std_vol/FSR_After_2016/FSR_Databricks/000966e2-b88b-459c-8966-e2b88be59c9d.pdf
296961,SY0083979,Gas Turbine,51P,On Site Services,EVP-512154,EV-113776,10358131,FSP-304627,A-0226814 | C-10358131,,,20-01-2021,04-02-2021,/Volumes/vgpd/fsr_std_views/fsr_std_vol/FSR_After_2016/FSR_Databricks/005375e0-631f-41bf-9375-e0631f91bf90.pdf
197656,SY0044073,Steam Turbine,107SCSF,Major Inspection (MI),,,,,A-1289366,,,,,/Volumes/vgpd/fsr_std_views/fsr_std_vol/FSR_After_2016/FSR_Databricks/0092023d-b13c-428c-9202-3db13cc28cbf.pdf
161X778,SY0035710,Generator,HYDROGEN-CO,Major Inspection (MI),,,,,A-1289366,,,,,/Volumes/vgpd/fsr_std_views/fsr_std_vol/FSR_After_2016/FSR_Databricks/0092023d-b13c-428c-9202-3db13cc28cbf.pdf
818084,SY0021677,Steam Turbine,DS4YTT4I452B,On Site Services,,,,FSP-285391,A-0177509 | C-10351478,,,29-Sep-20,,/Volumes/vgpd/fsr_std_views/fsr_std_vol/FSR_After_2016/FSR_Databricks/021decdb-873f-43be-9dec-db873f53bebd.pdf
1083,SY0018852,Steam Turbine,DKY2-1N080,Stand Alone Small Upgrade,,,NEX-P-245464 | SP-ES0-011920,,,,,19-Mar-21,,/Volumes/vgpd/fsr_std_views/fsr_std_vol/FSR_After_2016/FSR_Databricks/02a29a81-c142-42f0-a29a-81c14282f00b.pdf
HM300778,SY0010496,Generator,50WX18L-066LL,Stand Alone Small Upgrade,,,NEX-P-245464 | SP-ES0-011920,,,,,19-Mar-21,,/Volumes/vgpd/fsr_std_views/fsr_std_vol/FSR_After_2016/FSR_Databricks/02a29a81-c142-42f0-a29a-81c14282f00b.pdf
,,,,A Inspection,,,,,,,,,,/Volumes/vgpd/fsr_std_views/fsr_std_vol/FSR_After_2016/FSR_Databricks/02ce6abc-f707-4603-8e6a-bcf707f60329.pdf
298136,SY0047421,Gas Turbine,7FA.03,Borescope Inspection (BI),EVP-505640,EV-112676,10339340,FSP-278467,A-1560548 | C-10339340,,,08-Jun-20,10-06-2020,/Volumes/vgpd/fsr_std_views/fsr_std_vol/FSR_After_2016/FSR_Databricks/033fdd55-a5d5-46fa-bfdd-55a5d576fac6.pdf
GM002467,SY0059419,Steam Turbine,DKY4-4N45A,,,,NEX-P-256465 | SP-ES0-010869,,,,12-Aug-22,,,/Volumes/vgpd/fsr_std_views/fsr_std_vol/FSR_After_2016/FSR_Databricks/03d4467e-f767-4d90-9f4c-1e2845554144.pdf
GM002468,SY0079648,Steam Turbine,BFPT 245,,,,NEX-P-256465 | SP-ES0-010869,,,,12-Aug-22,,,/Volumes/vgpd/fsr_std_views/fsr_std_vol/FSR_After_2016/FSR_Databricks/03d4467e-f767-4d90-9f4c-1e2845554144.pdf
GM226467,SY0091628,Generator,50WT23E-138,,,,NEX-P-256465 | SP-ES0-010869,,,,12-Aug-22,,,/Volumes/vgpd/fsr_std_views/fsr_std_vol/FSR_After_2016/FSR_Databricks/03d4467e-f767-4d90-9f4c-1e2845554144.pdf
298214,SY0067866,Gas Turbine,9FA.03,Hot Gas Path Inspection (HGPI),EVP-503962,EV-115103,10331962,FSP-239430,A-1460482 | C-10331962,,,09-Jun-20,31-07-2020,/Volumes/vgpd/fsr_std_views/fsr_std_vol/FSR_After_2016/FSR_Databricks/054b2b92-c740-4f8c-8b2b-92c7409f8c6e.pdf
337X552,SY0068394,Generator,324,Hot Gas Path Inspection (HGPI),EVP-503962,EV-115103,10331962,FSP-239430,A-1460482 | C-10331962,,,09-Jun-20,31-07-2020,/Volumes/vgpd/fsr_std_views/fsr_std_vol/FSR_After_2016/FSR_Databricks/054b2b92-c740-4f8c-8b2b-92c7409f8c6e.pdf
898782,SY0523008,Gas Turbine,9FB.03,On Site Services,EVP-509728,EV-116610,10351887,FSP-296654,A-1619946 | C-10351887,,,28-Sep-20,28-09-2020,/Volumes/vgpd/fsr_std_views/fsr_std_vol/FSR_After_2016/FSR_Databricks/06d825d0-940f-4065-9825-d0940fc0652c.pdf
3183Y78MA10AE001,SY1018105,Steam Turbine,SCMX-400,Major Inspection (MI),EVP-504213,EV-111302,10325457,FSP-251718,A-1460684 | C-10325457,,,12-Sep-20,30-09-2020,/Volumes/vgpd/fsr_std_views/fsr_std_vol/FSR_After_2016/FSR_Databricks/07be7e3c-64e7-48e9-be7e-3c64e718e907.pdf
3183Y78MA10AE001,SY1018105,Steam Turbine,SCMX-400,Major Inspection (MI),EVP-504213,EV-111303,10325457,FSP-251718,A-1460684 | C-10325457,,,12-Sep-20,26-09-2020,/Volumes/vgpd/fsr_std_views/fsr_std_vol/FSR_After_2016/FSR_Databricks/07be7e3c-64e7-48e9-be7e-3c64e718e907.pdf
,SY0912226,Generator,50WT25E-158,Minor Inspection,,,NEX-P-266555 | SP-10346667,,,,05-Apr-21,23-Feb-21,,/Volumes/vgpd/fsr_std_views/fsr_std_vol/FSR_After_2016/FSR_Databricks/07fd2f35-0a8b-4c3c-bd2f-350a8b8c3c45.pdf
890210,SY0527550,Gas Turbine,9E.03,Borescope Inspection (BI),EVP-506907,EV-121081,10345876,FSP-285771,A-1583874 | C-10345876,,,05-Oct-20,15-10-2020,/Volumes/vgpd/fsr_std_views/fsr_std_vol/FSR_After_2016/FSR_Databricks/088a4058-715a-4993-8a40-58715a2993a7.pdf
819767,SY0133338,Generator,TA 30-82,B Inspection,EVP-509734,EV-111019,10353808,FSP-296668,C-10353808,,,03-Feb-21,04-03-2021,/Volumes/vgpd/fsr_std_views/fsr_std_vol/FSR_After_2016/FSR_Databricks/088a7fbf-33bd-481c-8a7f-bf33bd381c02.pdf
155020,SY0084314,Steam Turbine,,Minor Inspection,EVP-510286,EV-117664,10353092,FSP-298064,C-10353092,,,05-Oct-20,28-10-2020,/Volumes/vgpd/fsr_std_views/fsr_std_vol/FSR_After_2016/FSR_Databricks/092819a9-1b1c-440f-a819-a91b1ce40f71.pdf
155020,SY0084314,Steam Turbine,,Minor Inspection,EVP-510286,EV-117663,10353092,FSP-298064,C-10353092,,,05-Oct-20,28-10-2020,/Volumes/vgpd/fsr_std_views/fsr_std_vol/FSR_After_2016/FSR_Databricks/092819a9-1b1c-440f-a819-a91b1ce40f71.pdf
830884,SY0084074,Generator,,Minor Inspection,EVP-510286,EV-117664,10353092,FSP-298064,C-10353092,,,05-Oct-20,28-10-2020,/Volumes/vgpd/fsr_std_views/fsr_std_vol/FSR_After_2016/FSR_Databricks/092819a9-1b1c-440f-a819-a91b1ce40f71.pdf
830884,SY0084074,Generator,,Minor Inspection,EVP-510286,EV-117663,10353092,FSP-298064,C-10353092,,,05-Oct-20,28-10-2020,/Volumes/vgpd/fsr_std_views/fsr_std_vol/FSR_After_2016/FSR_Databricks/092819a9-1b1c-440f-a819-a91b1ce40f71.pdf
,SY0020371,Steam Turbine,K-500-166-2,,,,NEX-P-271508 | SP-ES0-007343-0Z1000014,,,,,,,/Volumes/vgpd/fsr_std_views/fsr_std_vol/FSR_After_2016/FSR_Databricks/094e8e1e-9afa-44e5-8e8e-1e9afa14e54e.pdf
272002,SY0059391,Gas Turbine,9FA.03,Major Inspection (MI),EVP-503930,EV-106824,10333007,FSP-239137,A-1477550 | C-10333007,,,16-Oct-20,08-03-2021,/Volumes/vgpd/fsr_std_views/fsr_std_vol/FSR_After_2016/FSR_Databricks/0a1129cb-5588-480d-9129-cb5588d80d42.pdf
,SY0024054,Steam Turbine,18K348,,,,NEX-P-259974 | SP-10349235,,,,,03-May-20,,/Volumes/vgpd/fsr_std_views/fsr_std_vol/FSR_After_2016/FSR_Databricks/0a280771-55fb-478f-a807-7155fb578fe8.pdf
,SY0158244,Boiler,OTHER,,,,NEX-P-255778 | SP-10347982,,,,,,,/Volumes/vgpd/fsr_std_views/fsr_std_vol/FSR_After_2016/FSR_Databricks/0acb218b-479e-476c-8b21-8b479ec76c14.pdf
297405,SY0069907,Gas Turbine,7FA.03,Borescope Inspection (BI),EVP-508397,EV-114713,10348670,FSP-292006,A-1603460 | C-10348670,,,21-10-2020,25-10-2020,/Volumes/vgpd/fsr_std_views/fsr_std_vol/FSR_After_2016/FSR_Databricks/0b687f2f-04ec-4020-a87f-2f04ec302079.pdf
297258,SY0070968,Gas Turbine,7FA.04,Digital,EVP-505603,EV-108665,10339012,FSP-278113,A-1559310 | C-10339012,,,22-Oct-20,01-05-2021,/Volumes/vgpd/fsr_std_views/fsr_std_vol/FSR_After_2016/FSR_Databricks/0be87536-276d-4f50-a875-36276dff50c6.pdf
V02419,SY0048231,Gas Turbine,GT24,C Inspection,EVP-503853,EV-112921,10312049,FSP-235217,C-10312049,,04-May-21,01-03-2021,09-04-2021,/Volumes/vgpd/fsr_std_views/fsr_std_vol/FSR_After_2016/FSR_Databricks/0dbcb400-84fb-4904-bcb4-0084fb490451.pdf
299140,SY0364921,Gas Turbine,7FA.04,Borescope Inspection (BI),EVP-509456,EV-121982,10351294,FSP-295687,A-1617124 | C-10351294,,,28-Jan-21,10-03-2021,/Volumes/vgpd/fsr_std_views/fsr_std_vol/FSR_After_2016/FSR_Databricks/0ff5747b-dbc9-4e6a-b574-7bdbc9ae6a99.pdf
815416,SY0038056,Steam Turbine,DK-2I-163,Call-Out,,,NEX-P-283891 | SP-ES0-011968,,,,,,,/Volumes/vgpd/fsr_std_views/fsr_std_vol/FSR_After_2016/FSR_Databricks/1466ee84-65c0-45b0-a6ee-8465c065b099.pdf
299405,SY0364962,Gas Turbine,7FA.05,Hot Gas Path Inspection (HGPI),EVP-505047,EV-118325,10335379,FSP-271707,A-1408002 | C-10335379,,,05-Sep-20,30-09-2020,/Volumes/vgpd/fsr_std_views/fsr_std_vol/FSR_After_2016/FSR_Databricks/15ead4ee-1f4c-4cad-aad4-ee1f4c7cad71.pdf
299405,SY0364962,Gas Turbine,7FA.05,Hot Gas Path Inspection (HGPI),EVP-505047,EV-118323,10335379,FSP-271707,A-1408002 | C-10335379,,,05-Sep-20,30-09-2020,/Volumes/vgpd/fsr_std_views/fsr_std_vol/FSR_After_2016/FSR_Databricks/15ead4ee-1f4c-4cad-aad4-ee1f4c7cad71.pdf
299405,SY0364962,Gas Turbine,7FA.05,Hot Gas Path Inspection (HGPI),EVP-505047,EV-118324,10335379,FSP-271707,A-1408002 | C-10335379,,,05-Sep-20,30-09-2020,/Volumes/vgpd/fsr_std_views/fsr_std_vol/FSR_After_2016/FSR_Databricks/15ead4ee-1f4c-4cad-aad4-ee1f4c7cad71.pdf
761X046,SY0366342,Generator,7FH2B,Hot Gas Path Inspection (HGPI),EVP-505047,EV-118325,10335379,FSP-271707,A-1408002 | C-10335379,,,05-Sep-20,30-09-2020,/Volumes/vgpd/fsr_std_views/fsr_std_vol/FSR_After_2016/FSR_Databricks/15ead4ee-1f4c-4cad-aad4-ee1f4c7cad71.pdf
761X046,SY0366342,Generator,7FH2B,Hot Gas Path Inspection (HGPI),EVP-505047,EV-118323,10335379,FSP-271707,A-1408002 | C-10335379,,,05-Sep-20,30-09-2020,/Volumes/vgpd/fsr_std_views/fsr_std_vol/FSR_After_2016/FSR_Databricks/15ead4ee-1f4c-4cad-aad4-ee1f4c7cad71.pdf
761X046,SY0366342,Generator,7FH2B,Hot Gas Path Inspection (HGPI),EVP-505047,EV-118324,10335379,FSP-271707,A-1408002 | C-10335379,,,05-Sep-20,30-09-2020,/Volumes/vgpd/fsr_std_views/fsr_std_vol/FSR_After_2016/FSR_Databricks/15ead4ee-1f4c-4cad-aad4-ee1f4c7cad71.pdf
298657,SY0114635,Gas Turbine,7FA.03,Hot Gas Path Inspection (HGPI),EVP-501559,EV-102971,10339198,FSP-270814,A-1359346 | C-10339198,,,02-Oct-20,15-10-2020,/Volumes/vgpd/fsr_std_views/fsr_std_vol/FSR_After_2016/FSR_Databricks/178171ca-e751-4c34-8171-cae7514c3433.pdf
297065,SY0070944,Gas Turbine,71EA,Call-Out,EVP-505552,EV-116519,10338499,FSP-277372,A-1557600 | C-10338499,,08-Feb-21,12-10-2020,28-11-2020,/Volumes/vgpd/fsr_std_views/fsr_std_vol/FSR_After_2016/FSR_Databricks/17c316c4-3106-46b8-8316-c4310676b87c.pdf
299027,SY0335533,Gas Turbine,9FA.04,Major Inspection (MI),,,,,C-80050692,,12-Nov-21,09-Jun-21,,/Volumes/vgpd/fsr_std_views/fsr_std_vol/FSR_After_2016/FSR_Databricks/19227aee-b320-42e0-a27a-eeb32002e0cc.pdf
155039,SY0483189,Steam Turbine,SANC,Minor Inspection,,,,FSP-278436,C-10339302,,,03-Mar-20,,/Volumes/vgpd/fsr_std_views/fsr_std_vol/FSR_After_2016/FSR_Databricks/19f6679c-a892-4659-b667-9ca892b6594e.pdf
281869,SY0069822,Gas Turbine,71E,Call-Out,EVP-510535,EV-114675,10353677,FSP-299052,A-1630514 | C-10353677,,,25-Sep-20,28-09-2020,/Volumes/vgpd/fsr_std_views/fsr_std_vol/FSR_After_2016/FSR_Databricks/1d9034a2-ce2d-4a03-9034-a2ce2dba03b6.pdf
297328,SY0071334,Gas Turbine,7FA.03,Borescope Inspection (BI),EVP-505114,EV-114253,10335331,FSP-272724,A-1545366 | C-10335331,,,31-Aug-20,09-09-2020,/Volumes/vgpd/fsr_std_views/fsr_std_vol/FSR_After_2016/FSR_Databricks/1e221374-f598-4467-a213-74f598a46776.pdf
,SY0022801,Steam Turbine,DKY4-6D54,,,,,FSP-256821,C-10338767,,,13-Jul-20,,/Volumes/vgpd/fsr_std_views/fsr_std_vol/FSR_After_2016/FSR_Databricks/20be5de8-c996-48c3-be5d-e8c99648c353.pdf
,SY0013983,Generator,GTD 1725KT,,,,,FSP-256821,C-10338767,,,13-Jul-20,,/Volumes/vgpd/fsr_std_views/fsr_std_vol/FSR_After_2016/FSR_Databricks/20be5de8-c996-48c3-be5d-e8c99648c353.pdf
299275,SY0498938,Gas Turbine,7FA.03,Digital,EVP-505821,EV-122173,1565344,FSP-279918,A-1565344 | C-10340323,,,29-02-2020,23-03-2020,/Volumes/vgpd/fsr_std_views/fsr_std_vol/FSR_After_2016/FSR_Databricks/214d041a-acad-4640-8d04-1aacad364033.pdf
297891,SY0071253,Gas Turbine,7FA.03,Call-Out,EVP-512195,EV-110442,10358142,FSP-304713,A-1652800 | C-10358142,,,19-01-2021,31-12-2021,/Volumes/vgpd/fsr_std_views/fsr_std_vol/FSR_After_2016/FSR_Databricks/217860c6-03a4-4fe7-b860-c603a4efe76f.pdf
297955,SY0075963,Gas Turbine,7FA.04,Major Inspection (MI),EVP-503950,EV-124565,10335711,FSP-239293,A-1358422 | C-10335711,,,11-Feb-21,21-03-2021,/Volumes/vgpd/fsr_std_views/fsr_std_vol/FSR_After_2016/FSR_Databricks/21a61330-f7bf-4961-a613-30f7bfa961e3.pdf
297955,SY0075963,Gas Turbine,7FA.04,Major Inspection (MI),EVP-503950,EV-124564,10335711,FSP-239293,A-1358422 | C-10335711,,,11-Feb-21,21-03-2021,/Volumes/vgpd/fsr_std_views/fsr_std_vol/FSR_After_2016/FSR_Databricks/21a61330-f7bf-4961-a613-30f7bfa961e3.pdf
337X830,SY0076417,Generator,7FH2,Major Inspection (MI),EVP-503950,EV-124565,10335711,FSP-239293,A-1358422 | C-10335711,,,11-Feb-21,21-03-2021,/Volumes/vgpd/fsr_std_views/fsr_std_vol/FSR_After_2016/FSR_Databricks/21a61330-f7bf-4961-a613-30f7bfa961e3.pdf
337X830,SY0076417,Generator,7FH2,Major Inspection (MI),EVP-503950,EV-124564,10335711,FSP-239293,A-1358422 | C-10335711,,,11-Feb-21,21-03-2021,/Volumes/vgpd/fsr_std_views/fsr_std_vol/FSR_After_2016/FSR_Databricks/21a61330-f7bf-4961-a613-30f7bfa961e3.pdf
,SY0005085,Boiler,Pulverized coal,On Site Services,,,NEX-P-275962 | SP-EB0-600500,,,,,26-Oct-20,,/Volumes/vgpd/fsr_std_views/fsr_std_vol/FSR_After_2016/FSR_Databricks/2226c647-ef67-45ca-a6c6-47ef6725ca0b.pdf
290T538,SY0072301,Generator,324,On Site Services,EVP-507798,EV-124740,10346865,FSP-289268,A-1596140 | C-10346865,,,20-Oct-20,04-11-2020,/Volumes/vgpd/fsr_std_views/fsr_std_vol/FSR_After_2016/FSR_Databricks/236e14da-418d-4c27-ae14-da418d7c27d7.pdf
270T453,SY0073270,Steam Turbine,207D-11,Call-Out,EVP-507879,EV-118791,10347135,FSP-289645,A-1597346 | C-10347135,,12-Feb-21,18-04-2020,01-05-2020,/Volumes/vgpd/fsr_std_views/fsr_std_vol/FSR_After_2016/FSR_Databricks/24d4cb50-e27f-43f1-94cb-50e27ff3f103.pdf
,SY0017085,Steam Turbine,DKY3-4D50A,,,,NEX-P-216421 | SP-ES0-011658,,,,09-Dec-21,,,/Volumes/vgpd/fsr_std_views/fsr_std_vol/FSR_After_2016/FSR_Databricks/24d5fbcb-b7dc-458e-95fb-cbb7dc258e89.pdf
,SY0017086,Steam Turbine,DKY3-4D50A,,,,NEX-P-216421 | SP-ES0-011658,,,,09-Dec-21,,,/Volumes/vgpd/fsr_std_views/fsr_std_vol/FSR_After_2016/FSR_Databricks/24d5fbcb-b7dc-458e-95fb-cbb7dc258e89.pdf
B 70014,SY0008794,Generator,50WT20H,,,,NEX-P-216421 | SP-ES0-011658,,,,09-Dec-21,,,/Volumes/vgpd/fsr_std_views/fsr_std_vol/FSR_After_2016/FSR_Databricks/24d5fbcb-b7dc-458e-95fb-cbb7dc258e89.pdf
B 70015,SY0008795,Generator,50WT20H,,,,NEX-P-216421 | SP-ES0-011658,,,,09-Dec-21,,,/Volumes/vgpd/fsr_std_views/fsr_std_vol/FSR_After_2016/FSR_Databricks/24d5fbcb-b7dc-458e-95fb-cbb7dc258e89.pdf
875109,SY0527895,Gas Turbine,6FA.03,Call-Out,EVP-510352,EV-108798,10353272,FSP-298387,A-1628308 | C-10353272,,,14-Sep-20,21-12-2020,/Volumes/vgpd/fsr_std_views/fsr_std_vol/FSR_After_2016/FSR_Databricks/24d69660-da52-4821-9696-60da52782186.pdf
337X607,SY0089579,Generator,6FA,Call-Out,EVP-510352,EV-108798,10353272,FSP-298387,A-1628308 | C-10353272,,,14-Sep-20,21-12-2020,/Volumes/vgpd/fsr_std_views/fsr_std_vol/FSR_After_2016/FSR_Databricks/24d69660-da52-4821-9696-60da52782186.pdf
337X607,SY0318268,Generator,6F,Call-Out,EVP-510352,EV-108798,10353272,FSP-298387,A-1628308 | C-10353272,,,14-Sep-20,21-12-2020,/Volumes/vgpd/fsr_std_views/fsr_std_vol/FSR_After_2016/FSR_Databricks/24d69660-da52-4821-9696-60da52782186.pdf
295505,SY0337613,Gas Turbine,61B,Major Inspection (MI),EVP-503918,EV-119965,10333314,FSP-237852,C-10333314,,,14-Aug-20,20-09-2020,/Volumes/vgpd/fsr_std_views/fsr_std_vol/FSR_After_2016/FSR_Databricks/24dc8053-1df9-4fe9-9c80-531df92fe9c0.pdf
295505,SY0337613,Gas Turbine,61B,Major Inspection (MI),EVP-503918,EV-119964,10333314,FSP-237852,C-10333314,,,14-Aug-20,20-09-2020,/Volumes/vgpd/fsr_std_views/fsr_std_vol/FSR_After_2016/FSR_Databricks/24dc8053-1df9-4fe9-9c80-531df92fe9c0.pdf
295505,SY0337613,Gas Turbine,61B,Major Inspection (MI),EVP-503918,EV-119966,10333314,FSP-237852,C-10333314,,,14-Aug-20,20-09-2020,/Volumes/vgpd/fsr_std_views/fsr_std_vol/FSR_After_2016/FSR_Databricks/24dc8053-1df9-4fe9-9c80-531df92fe9c0.pdf
297914,SY0071040,Gas Turbine,7FA.04,Major Inspection (MI),,,,FSP-167660,A-1332226 | C-10305671,,,14-Oct-19,,/Volumes/vgpd/fsr_std_views/fsr_std_vol/FSR_After_2016/FSR_Databricks/25cfe50f-6334-4e15-8fe5-0f6334ae154d.pdf
338X337,SY0072735,Generator,7FH2,Major Inspection (MI),,,,FSP-167660,A-1332226 | C-10305671,,,14-Oct-19,,/Volumes/vgpd/fsr_std_views/fsr_std_vol/FSR_After_2016/FSR_Databricks/25cfe50f-6334-4e15-8fe5-0f6334ae154d.pdf
290T239,SY0524951,Generator,7A6,On Site Services,EVP-511134,EV-115572,10355796,FSP-301490,C-10355796,,,17-Nov-20,11-11-2020,/Volumes/vgpd/fsr_std_views/fsr_std_vol/FSR_After_2016/FSR_Databricks/25d2497a-4de0-43c4-9249-7a4de0e3c42e.pdf
336X391,SY0071702,Generator,7A6,On Site Services,EVP-511134,EV-115572,10355796,FSP-301490,C-10355796,,,17-Nov-20,11-11-2020,/Volumes/vgpd/fsr_std_views/fsr_std_vol/FSR_After_2016/FSR_Databricks/25d2497a-4de0-43c4-9249-7a4de0e3c42e.pdf
GG10483,SY0484434,Generator,7FH2B,Major Inspection (Rotor Out),EVP-506479,EV-124701,10343436,FSP-284062,C-10343436,,,07-01-2020,28-02-2020,/Volumes/vgpd/fsr_std_views/fsr_std_vol/FSR_After_2016/FSR_Databricks/26174c19-f47d-43e6-974c-19f47d03e655.pdf
297526,SY0070635,Gas Turbine,71EA,Hot Gas Path Inspection (HGPI),EVP-505611,EV-116991,10339220,FSP-278310,A-1560012 | C-10339220,,,29-Sep-20,27-05-2021,/Volumes/vgpd/fsr_std_views/fsr_std_vol/FSR_After_2016/FSR_Databricks/273e798a-1823-4992-be79-8a1823299219.pdf
297526,SY0070635,Gas Turbine,71EA,Hot Gas Path Inspection (HGPI),EVP-505611,EV-116990,10339220,FSP-278310,A-1560012 | C-10339220,,,29-Sep-20,30-04-2021,/Volumes/vgpd/fsr_std_views/fsr_std_vol/FSR_After_2016/FSR_Databricks/273e798a-1823-4992-be79-8a1823299219.pdf
336X893,SY0072343,Generator,7A6,Hot Gas Path Inspection (HGPI),EVP-505611,EV-116991,10339220,FSP-278310,A-1560012 | C-10339220,,,29-Sep-20,27-05-2021,/Volumes/vgpd/fsr_std_views/fsr_std_vol/FSR_After_2016/FSR_Databricks/273e798a-1823-4992-be79-8a1823299219.pdf
336X893,SY0072343,Generator,7A6,Hot Gas Path Inspection (HGPI),EVP-505611,EV-116990,10339220,FSP-278310,A-1560012 | C-10339220,,,29-Sep-20,30-04-2021,/Volumes/vgpd/fsr_std_views/fsr_std_vol/FSR_After_2016/FSR_Databricks/273e798a-1823-4992-be79-8a1823299219.pdf
,SY0018525,Steam Turbine,DKY4-6D54,,,,NEX-P-237041 | SP-10338770,,,,,,,/Volumes/vgpd/fsr_std_views/fsr_std_vol/FSR_After_2016/FSR_Databricks/274924a0-101b-428a-8924-a0101b328a81.pdf
,SY0010174,Generator,GTD 1725KT,,,,NEX-P-237041 | SP-10338770,,,,,,,/Volumes/vgpd/fsr_std_views/fsr_std_vol/FSR_After_2016/FSR_Databricks/274924a0-101b-428a-8924-a0101b328a81.pdf
170X778,SY0020744,Steam Turbine,G3,Major Inspection (MI),,,NEX-P-156747 | SP-ES0-011915,,,,09-Aug-21,01-Mar-21,,/Volumes/vgpd/fsr_std_views/fsr_std_vol/FSR_After_2016/FSR_Databricks/27bed9e1-1749-48c4-bed9-e11749c8c4c3.pdf
809928,SY0058823,Gas Turbine,61B,Minor Inspection,EVP-505779,EV-118744,C-10340292,FSP-279577,A-1564562,,,19-Aug-20,29-08-2020,/Volumes/vgpd/fsr_std_views/fsr_std_vol/FSR_After_2016/FSR_Databricks/28c5465f-f05e-4859-8546-5ff05e5859e6.pdf
298420,SY0520953,Gas Turbine,9FB.02,Borescope Inspection (BI),EVP-509771,EV-117860,C-10352689,FSP-296765,A-1620554,BI-298420-20201013- R0,,13-Oct-20,14-10-2020,/Volumes/vgpd/fsr_std_views/fsr_std_vol/FSR_After_2016/FSR_Databricks/2baa7dff-108c-4e7c-aa7d-ff108c7e7cce.pdf
270T530,SY0108433,Steam Turbine,207D-11,Minor Inspection,EVP-506349,EV-111313,C-10343271,FSP-283721,A-1575998,,,15-Jan-20,31-03-2020,/Volumes/vgpd/fsr_std_views/fsr_std_vol/FSR_After_2016/FSR_Databricks/2bfc4462-0e28-4e79-bc44-620e28ce7904.pdf
297104,SY0048290,Gas Turbine,7FA.03,Stand Alone Small Upgrade,EVP-508793,EV-110028,C-10349770,FSP-293458,A-1608292,,,13-10-2020,13-12-2020,/Volumes/vgpd/fsr_std_views/fsr_std_vol/FSR_After_2016/FSR_Databricks/2ca47ef0-55f3-4d4b-a47e-f055f3fd4b77.pdf
270T516 | 290T516,,,,Minor Inspection,EVP-504150,EV-123082,C-10330565,FSP-249297,A-1360630,,,05-Oct-20,04-11-2020,/Volumes/vgpd/fsr_std_views/fsr_std_vol/FSR_After_2016/FSR_Databricks/2e36ccd2-2d5f-474c-b6cc-d22d5f174ce7.pdf
270T516 | 290T516,,,,Minor Inspection,EVP-504150,EV-123083,C-10330565,FSP-249297,A-1360630,,,05-Oct-20,04-11-2020,/Volumes/vgpd/fsr_std_views/fsr_std_vol/FSR_After_2016/FSR_Databricks/2e36ccd2-2d5f-474c-b6cc-d22d5f174ce7.pdf
297628 | 337X756,,,,Major Inspection (MI),EVP-504742,EV-121777,C-10332405,FSP-268161,A-1426588,,,06-Oct-20,24-11-2020,/Volumes/vgpd/fsr_std_views/fsr_std_vol/FSR_After_2016/FSR_Databricks/2e821ae8-f2d7-4946-821a-e8f2d77946da.pdf
281871 | 335X373,,,,Borescope Inspection (BI),EVP-510296,EV-123378,C-10352963,FSP-298133,A-0199910,,,29-Sep-20,30-09-2020,/Volumes/vgpd/fsr_std_views/fsr_std_vol/FSR_After_2016/FSR_Databricks/2e8faeb2-2fb5-4260-8fae-b22fb5126059.pdf
281871 | 335X373,,,,Borescope Inspection (BI),EVP-510296,EV-123377,C-10352963,FSP-298133,A-0199910,,,29-Sep-20,30-09-2020,/Volumes/vgpd/fsr_std_views/fsr_std_vol/FSR_After_2016/FSR_Databricks/2e8faeb2-2fb5-4260-8fae-b22fb5126059.pdf
297148,SY0048209,Gas Turbine,6FA.03,Call-Out,EVP-512133,EV-118685,C-10358073,FSP-304586,,,,17-Jan-21,15-02-2021,/Volumes/vgpd/fsr_std_views/fsr_std_vol/FSR_After_2016/FSR_Databricks/2fbfefce-5d11-4836-bfef-ce5d11b836a2.pdf
SY0047723 & SY0047724,,,,B Inspection,EVP-505146,EV-121112,C-10335492,FSP-272921,,,,30-Sep-20,04-10-2020,/Volumes/vgpd/fsr_std_views/fsr_std_vol/FSR_After_2016/FSR_Databricks/30ff0d55-144e-4be3-bf0d-55144edbe3a8.pdf
139836 | 8328338,,,,Minor Inspection,,,SP-10347750,,NEX-P-214889,,,02-Aug-20,,/Volumes/vgpd/fsr_std_views/fsr_std_vol/FSR_After_2016/FSR_Databricks/31713333-1ee6-4451-b133-331ee6a4519c.pdf
77898,SY1408282,Steam Turbine,SST-300,Minor Inspection,,,SP-10348943,,NEX-P-257588,,,08-Oct-20,,/Volumes/vgpd/fsr_std_views/fsr_std_vol/FSR_After_2016/FSR_Databricks/319c97df-ca00-4c65-9c97-dfca00ec65c6.pdf
898776,SY0343178,Gas Turbine,9FB.03,Call-Out,EVP-510023,EV-113201,C-10352397,FSP-297468,A-1624360,,,24-Aug-20,08-09-2020,/Volumes/vgpd/fsr_std_views/fsr_std_vol/FSR_After_2016/FSR_Databricks/327cd743-f700-477c-bcd7-43f700277c75.pdf
298026,SY0343671,Gas Turbine,7FA.03,Borescope Inspection (BI),EVP-506400,EV-119428,C-10343398,FSP-283884,A-1576892,,,22-Sep-20,11-01-2021,/Volumes/vgpd/fsr_std_views/fsr_std_vol/FSR_After_2016/FSR_Databricks/32d6004f-d3db-4418-9600-4fd3dbb4180f.pdf
900105,SY0907796,Gas Turbine,9E.03,On Site Services,EVP-511413,EV-119144,C-10356396,FSP-302474,A-0217484,,,08-Dec-20,08-12-2020,/Volumes/vgpd/fsr_std_views/fsr_std_vol/FSR_After_2016/FSR_Databricks/3497de71-f754-4640-97de-71f754264014.pdf
298356,SY0094226,Gas Turbine,7FA.03,Major Inspection (MI),EVP-509696,EV-114119,C-10351760,FSP-296576,A-1619572,,,25-Oct-20,13-12-2020,/Volumes/vgpd/fsr_std_views/fsr_std_vol/FSR_After_2016/FSR_Databricks/34a591d0-3635-4c7b-a591-d036357c7b2a.pdf
197920,SY0527633,Steam Turbine,SXC,Minor Inspection,EVP-511922,EV-113771,C-10357659,FSP-303912,A-1649586,,,11-01-2021,10-03-2021,/Volumes/vgpd/fsr_std_views/fsr_std_vol/FSR_After_2016/FSR_Databricks/35dd7ba6-6cde-4a3c-9d7b-a66cde9a3cb2.pdf
297400,SY0070479,Gas Turbine,7FA.03,Call-Out,EVP-507876,EV-118793,C-10347134,FSP-289637,A-1597326,,12-Feb-21,18-04-2020,01-05-2020,/Volumes/vgpd/fsr_std_views/fsr_std_vol/FSR_After_2016/FSR_Databricks/36647fb2-d169-4d82-a47f-b2d1699d82de.pdf
17872 | 816147,,,,Major Inspection (Rotor Out),EVP-508050,EV-109352,C-10347837,FSP-290516,,,,20-Sep-20,21-11-2020,/Volumes/vgpd/fsr_std_views/fsr_std_vol/FSR_After_2016/FSR_Databricks/36e30de7-2311-4e22-a30d-e72311de22a0.pdf
297329,SY0069904,Gas Turbine,7FA.03,Performance Testing,EVP-508398,EV-109493,C-10348671,FSP-292007,A-1603470,,,10-08-2020,21-08-2020,/Volumes/vgpd/fsr_std_views/fsr_std_vol/FSR_After_2016/FSR_Databricks/37b0bb55-9e76-4bfe-b0bb-559e766bfe14.pdf
298933 | 338X776,,,,Hot Gas Path Inspection (HGPI),EVP-504860,EV-117164,C-10333366,FSP-269696,A-1536614,,,05-Oct-20,21-10-2020,/Volumes/vgpd/fsr_std_views/fsr_std_vol/FSR_After_2016/FSR_Databricks/389452ef-33ee-4c35-9452-ef33eedc3594.pdf
298933 | 338X776,,,,Hot Gas Path Inspection (HGPI),EVP-504860,EV-117163,C-10333366,FSP-269696,A-1536614,,,05-Oct-20,21-10-2020,/Volumes/vgpd/fsr_std_views/fsr_std_vol/FSR_After_2016/FSR_Databricks/389452ef-33ee-4c35-9452-ef33eedc3594.pdf
298643,SY0342703,Gas Turbine,7FA.03,Digital,EVP-508943,EV-120804,C-10350125,FSP-293956,A-1609784,,,02-Jun-20,10-06-2020,/Volumes/vgpd/fsr_std_views/fsr_std_vol/FSR_After_2016/FSR_Databricks/38d90cd6-87e4-45e2-990c-d687e415e23d.pdf
270T765,SY0347940,Steam Turbine,109D-10,Minor Inspection,,,C-80050694,,,,,05-Feb-21,,/Volumes/vgpd/fsr_std_views/fsr_std_vol/FSR_After_2016/FSR_Databricks/3bc7bc08-3a9c-404f-87bc-083a9c204fcc.pdf
299401,SY0501096,Gas Turbine,7FA.04,Borescope Inspection (BI),EVP-507251,EV-121459,C-10345424,FSP-287050,A-1588404,,,26-Nov-20,27-11-2020,/Volumes/vgpd/fsr_std_views/fsr_std_vol/FSR_After_2016/FSR_Databricks/3c81bf0c-cffd-4acd-81bf-0ccffdbacd5b.pdf
805047,SY0047193,Gas Turbine,GT13E2,A Inspection,EVP-500714,EV-103421,C-10342034,FSP-282141,A-0173845,,,31-01-2021,08-02-2021,/Volumes/vgpd/fsr_std_views/fsr_std_vol/FSR_After_2016/FSR_Databricks/3e4e322a-55b5-4a5d-8e32-2a55b52a5d9a.pdf
803394,SY0048125,Gas Turbine,GT13,On Site Services,EVP-509025,EV-108998,C-10350293,FSP-294224,,,,06-Oct-20,09-10-2020,/Volumes/vgpd/fsr_std_views/fsr_std_vol/FSR_After_2016/FSR_Databricks/3eb08818-1c0a-4e9c-b088-181c0aae9c79.pdf
299422,SY0483777,Gas Turbine,7HA.02,Borescope Inspection (BI),EVP-509765,EV-117895,C-10352141,FSP-296731,A-1620328,,29-Apr-21,26-Mar-21,18-04-2021,/Volumes/vgpd/fsr_std_views/fsr_std_vol/FSR_After_2016/FSR_Databricks/412778eb-40cc-455c-a778-eb40cc955c2e.pdf
298833 | 338X772,,,,On Site Services,EVP-508246,EV-116602,C-10348351,FSP-291441,A-1601712,,,08-May-20,04-06-2020,/Volumes/vgpd/fsr_std_views/fsr_std_vol/FSR_After_2016/FSR_Databricks/43cb6d52-653f-4342-8b6d-52653f8342d6.pdf
298026,SY0343671,Gas Turbine,7FA.03,Call-Out,,,,,A-1651166,,,23-Jan-21,,/Volumes/vgpd/fsr_std_views/fsr_std_vol/FSR_After_2016/FSR_Databricks/460c70d0-2ab9-4204-8c70-d02ab98204e4.pdf
298778,SY0528241,Gas Turbine,9FA.03,On Site Services,EVP-511714,EV-117012,C-10357104,FSP-303249,A-1645866,,,06-Jan-21,25-01-2021,/Volumes/vgpd/fsr_std_views/fsr_std_vol/FSR_After_2016/FSR_Databricks/49201093-70a1-49e8-a010-9370a109e8b7.pdf
EGG0098,SY0048768,Gas Turbine,9E.03,Major Inspection (Rotor Out),EVP-501972,EV-103448,C-10335222,FSP-272267,,,,16-Sep-20,15-10-2020,/Volumes/vgpd/fsr_std_views/fsr_std_vol/FSR_After_2016/FSR_Databricks/493e9fd4-b375-44c0-be9f-d4b37594c0c8.pdf
EGG0098,SY0048768,Gas Turbine,9E.03,Major Inspection (Rotor Out),EVP-501972,EV-103447,C-10335222,FSP-272267,,,,16-Sep-20,,/Volumes/vgpd/fsr_std_views/fsr_std_vol/FSR_After_2016/FSR_Databricks/493e9fd4-b375-44c0-be9f-d4b37594c0c8.pdf
LMZ01493,SY0017239,Steam Turbine,,On Site Services,,,SP-ESO-010812,,NEX-P-280833,,,04-Jan-21,,/Volumes/vgpd/fsr_std_views/fsr_std_vol/FSR_After_2016/FSR_Databricks/4a3627d2-8476-47d5-b627-d2847657d5f2.pdf
811524 | SY0051031,,,,Minor Inspection,,,C-10343386,FSP-283844,,,,08-Nov-20,,/Volumes/vgpd/fsr_std_views/fsr_std_vol/FSR_After_2016/FSR_Databricks/4d607ce1-dcc4-4fe3-a07c-e1dcc4afe3b6.pdf
170X645,SY0024892,Steam Turbine,G3D,Stand Alone Large Upgrade,,,SP-10342707,,NEX-P-200874,,,05-Oct-20,,/Volumes/vgpd/fsr_std_views/fsr_std_vol/FSR_After_2016/FSR_Databricks/4d6e2cc6-54e0-434b-ae2c-c654e0234bf3.pdf
297729,SY0071193,Gas Turbine,7FA.03,Borescope Inspection (BI),EVP-505503,EV-107561,C-10344313,FSP-276911,A-1556408,,,21-Oct-20,22-10-2020,/Volumes/vgpd/fsr_std_views/fsr_std_vol/FSR_After_2016/FSR_Databricks/4e07a146-0e2f-4b21-87a1-460e2f3b2153.pdf
170X351 | 180X351,,,,Minor Inspection,,,C-10338207,FSP-276975,,,,03-Oct-19,,/Volumes/vgpd/fsr_std_views/fsr_std_vol/FSR_After_2016/FSR_Databricks/4ea590ab-64bc-4d46-a590-ab64bcad4644.pdf
898788,SY0512526,Gas Turbine,9FB.03,Combustion Inspection (CI),EVP-505136,EV-115972,C-10335419,FSP-272831,A-1552444,,,12-10-2020,31-10-2020,/Volumes/vgpd/fsr_std_views/fsr_std_vol/FSR_After_2016/FSR_Databricks/514e4164-a8ca-42e1-8e41-64a8ca12e1dc.pdf
SY0315386,,,,A Inspection,EVP-504418,EV-117140,C-10327514,FSP-259022,,,,04-Oct-20,09-10-2020,/Volumes/vgpd/fsr_std_views/fsr_std_vol/FSR_After_2016/FSR_Databricks/573bf935-fbce-4586-bbf9-35fbce2586e2.pdf
297917 | 337X196,,,,Minor Inspection,EVP-512068,EV-110899,C-10357938,FSP-304419,A-1651452,,,19-Jan-21,22-01-2021,/Volumes/vgpd/fsr_std_views/fsr_std_vol/FSR_After_2016/FSR_Databricks/58187d3c-86b4-4130-987d-3c86b411304e.pdf
297623 | 337X768,,,,Hot Gas Path Inspection (HGPI),EVP-504500,EV-116004,C-10330252,FSP-261003,A-1376780,,,10-Oct-20,27-10-2020,/Volumes/vgpd/fsr_std_views/fsr_std_vol/FSR_After_2016/FSR_Databricks/5819dae1-2f19-44ae-99da-e12f19e4aedf.pdf
297828,SY0070309,Gas Turbine,7FA.03,Call-Out,EVP-508118,EV-121226,C-10347868,FSP-290768,,,20-Apr-21,12-Apr-21,15-04-2021,/Volumes/vgpd/fsr_std_views/fsr_std_vol/FSR_After_2016/FSR_Databricks/5be6f7b5-0914-4550-a6f7-b50914f550b7.pdf
296813,SY0065468,Gas Turbine,61B,On Site Services,EVP-506782,EV-123308,C-10344696,FSP-285165,,,,02-10-2020,18-10-2020,/Volumes/vgpd/fsr_std_views/fsr_std_vol/FSR_After_2016/FSR_Databricks/5c27e7bd-b25d-47f6-a7e7-bdb25d47f649.pdf
296813,SY0065468,Gas Turbine,61B,On Site Services,EVP-506782,EV-123307,C-10344696,FSP-285165,,,,02-10-2020,18-10-2020,/Volumes/vgpd/fsr_std_views/fsr_std_vol/FSR_After_2016/FSR_Databricks/5c27e7bd-b25d-47f6-a7e7-bdb25d47f649.pdf
298939 | 339X216,,,,Major Inspection (MI),EVP-500606,EV-104884,C-10328507,FSP-220810,A-1355312,,,14-Dec-20,06-12-2020,/Volumes/vgpd/fsr_std_views/fsr_std_vol/FSR_After_2016/FSR_Databricks/5ca4cf87-6ba6-4954-a4cf-876ba67954c0.pdf
298939 | 339X216,,,,Major Inspection (MI),EVP-500606,EV-104885,C-10328507,FSP-220810,A-1355312,,,14-Dec-20,17-12-2020,/Volumes/vgpd/fsr_std_views/fsr_std_vol/FSR_After_2016/FSR_Databricks/5ca4cf87-6ba6-4954-a4cf-876ba67954c0.pdf
297917,SY0095261,Gas Turbine,7FA.03,Stand Alone Small Upgrade,EVP-510935,EV-111719,C-10354909,FSP-300723,A-1636580,,,27-10-2020,04-11-2020,/Volumes/vgpd/fsr_std_views/fsr_std_vol/FSR_After_2016/FSR_Databricks/5fb5f7c0-5d19-422b-b5f7-c05d19b22b55.pdf
316X541,SY0530359,Generator,HYDROGEN-CO,Performance Testing,EVP-510775,EV-116764,C-10354437,FSP-300092,,,,04-01-2021,18-01-2021,/Volumes/vgpd/fsr_std_views/fsr_std_vol/FSR_After_2016/FSR_Databricks/6178daca-cf04-4aa5-b8da-cacf04faa548.pdf
170X504 | 180X504,,,,Minor Inspection,,,SP-10339142,,NEX-P-192808,,,14-Sep-20,,/Volumes/vgpd/fsr_std_views/fsr_std_vol/FSR_After_2016/FSR_Databricks/651f83c1-07ee-4782-9f83-c107eeb78245.pdf
SY0058831 | SY0058831 HM301310,,,,On Site Services,EVP-509054,EV-118430,C-10350362,FSP-294284,,,,04-Sep-20,25-09-2020,/Volumes/vgpd/fsr_std_views/fsr_std_vol/FSR_After_2016/FSR_Databricks/66df8404-1493-4ec1-9f84-0414939ec1f7.pdf
898781,SY0525655,Gas Turbine,9FB.03,Hot Gas Path Inspection (HGPI),EVP-503872,EV-119030,C-10321515,FSP-235776,A-1424598,,24-Jun-21,29-Mar-21,06-05-2021,/Volumes/vgpd/fsr_std_views/fsr_std_vol/FSR_After_2016/FSR_Databricks/6814da8b-ca69-4bf7-94da-8bca69bbf7f1.pdf
898781,SY0525655,Gas Turbine,9FB.03,Hot Gas Path Inspection (HGPI),EVP-503872,EV-119032,C-10321515,FSP-235776,A-1424598,,24-Jun-21,29-Mar-21,10-05-2021,/Volumes/vgpd/fsr_std_views/fsr_std_vol/FSR_After_2016/FSR_Databricks/6814da8b-ca69-4bf7-94da-8bca69bbf7f1.pdf
290T873,SY0117054,Generator,330H,Hot Gas Path Inspection (HGPI),EVP-503872,EV-119030,C-10321515,FSP-235776,A-1424598,,24-Jun-21,29-Mar-21,06-05-2021,/Volumes/vgpd/fsr_std_views/fsr_std_vol/FSR_After_2016/FSR_Databricks/6814da8b-ca69-4bf7-94da-8bca69bbf7f1.pdf
290T873,SY0117054,Generator,330H,Hot Gas Path Inspection (HGPI),EVP-503872,EV-119032,C-10321515,FSP-235776,A-1424598,,24-Jun-21,29-Mar-21,10-05-2021,/Volumes/vgpd/fsr_std_views/fsr_std_vol/FSR_After_2016/FSR_Databricks/6814da8b-ca69-4bf7-94da-8bca69bbf7f1.pdf
297573,SY0070779,Gas Turbine,7FA.04-200,Large Call-Out,EVP-507547,EV-113560,C-10348457,FSP-288281,A-1592536,,03-May-21,19-Mar-21,30-03-2021,/Volumes/vgpd/fsr_std_views/fsr_std_vol/FSR_After_2016/FSR_Databricks/682ac5bf-66bd-485b-aac5-bf66bd685b75.pdf
890208,SY1015081,Gas Turbine,9E.03,Major Inspection (MI),EVP-508022,EV-116849,C-10347729,FSP-290337,,,,02-12-2020,08-01-2021,/Volumes/vgpd/fsr_std_views/fsr_std_vol/FSR_After_2016/FSR_Databricks/6892ff15-2c00-43fc-92ff-152c0083fc67.pdf
197920,SY0527633,Steam Turbine,SXC,On Site Services,EVP-508103,EV-123144,C-10347889,FSP-290684,A-1600168,,,03-Apr-20,23-04-2020,/Volumes/vgpd/fsr_std_views/fsr_std_vol/FSR_After_2016/FSR_Databricks/68f5a218-3207-4cbc-b5a2-1832077cbcbe.pdf
299471,SY0497485,Gas Turbine,7E.03,Borescope Inspection (BI),EVP-508466,EV-107140,C-10350333,FSP-292247,A-1604212,,,05-Oct-20,09-10-2020,/Volumes/vgpd/fsr_std_views/fsr_std_vol/FSR_After_2016/FSR_Databricks/69dd4ef9-2974-4294-9d4e-f92974a29419.pdf
10GG10534,,,,Borescope Inspection (BI),EVP-508466,EV-107140,C-10350333,FSP-292247,A-1604212,,,05-Oct-20,09-10-2020,/Volumes/vgpd/fsr_std_views/fsr_std_vol/FSR_After_2016/FSR_Databricks/69dd4ef9-2974-4294-9d4e-f92974a29419.pdf
299320,SY0500800,Gas Turbine,9FA.03,Call-Out,EVP-509219,EV-118003,C-10350734,FSP-294799,A-1613136,,,13-Jul-20,24-07-2020,/Volumes/vgpd/fsr_std_views/fsr_std_vol/FSR_After_2016/FSR_Databricks/6a1b98cf-bbfe-499e-9b98-cfbbfe699e53.pdf
324X108,SY0499025,Generator,324,Call-Out,EVP-509219,EV-118003,C-10350734,FSP-294799,A-1613136,,,13-Jul-20,24-07-2020,/Volumes/vgpd/fsr_std_views/fsr_std_vol/FSR_After_2016/FSR_Databricks/6a1b98cf-bbfe-499e-9b98-cfbbfe699e53.pdf
939134,SY0535889,Steam Turbine,DKY2-1N33-HD10L,B Inspection,,,,,NEX-P-247605 | SP-10341797,,,28-Nov-20,,/Volumes/vgpd/fsr_std_views/fsr_std_vol/FSR_After_2016/FSR_Databricks/6a25b1c1-572f-4582-a5b1-c1572f058231.pdf
,,,,On Site Services,,,,,NEX-P-272063 | SP-EE0-330970,,,03-Dec-20,,/Volumes/vgpd/fsr_std_views/fsr_std_vol/FSR_After_2016/FSR_Databricks/6a93930f-f026-4437-9393-0ff026f437ff.pdf
297472,SY0071458,Gas Turbine,71EA,Combustion Inspection (CI),EVP-503673,EV-107330,C-10346697,FSP-225427,,,,09-Nov-20,17-11-2020,/Volumes/vgpd/fsr_std_views/fsr_std_vol/FSR_After_2016/FSR_Databricks/70a18232-349e-419c-a182-32349ef19c58.pdf
297472,SY0071458,Gas Turbine,71EA,Combustion Inspection (CI),EVP-503673,EV-107329,C-10346697,FSP-225427,,,,09-Nov-20,17-11-2020,/Volumes/vgpd/fsr_std_views/fsr_std_vol/FSR_After_2016/FSR_Databricks/70a18232-349e-419c-a182-32349ef19c58.pdf
850214,SY0515411,Gas Turbine,61B,Hot Gas Path Inspection (HGPI),EVP-503952,EV-111271,C-10314724,FSP-239300,A-1460622,,16-Sep-21,30-Aug-21,19-08-2021,/Volumes/vgpd/fsr_std_views/fsr_std_vol/FSR_After_2016/FSR_Databricks/7233daa3-0201-4e05-b3da-a302019e059d (1).pdf
850214,SY0515411,Gas Turbine,61B,Hot Gas Path Inspection (HGPI),EVP-503952,EV-111272,C-10314724,FSP-239300,A-1460622,,16-Sep-21,30-Aug-21,19-08-2021,/Volumes/vgpd/fsr_std_views/fsr_std_vol/FSR_After_2016/FSR_Databricks/7233daa3-0201-4e05-b3da-a302019e059d (1).pdf
341X944,SY0506541,Generator,BDAX 7,Hot Gas Path Inspection (HGPI),EVP-503952,EV-111271,C-10314724,FSP-239300,A-1460622,,16-Sep-21,30-Aug-21,19-08-2021,/Volumes/vgpd/fsr_std_views/fsr_std_vol/FSR_After_2016/FSR_Databricks/7233daa3-0201-4e05-b3da-a302019e059d (1).pdf
341X944,SY0506541,Generator,BDAX 7,Hot Gas Path Inspection (HGPI),EVP-503952,EV-111272,C-10314724,FSP-239300,A-1460622,,16-Sep-21,30-Aug-21,19-08-2021,/Volumes/vgpd/fsr_std_views/fsr_std_vol/FSR_After_2016/FSR_Databricks/7233daa3-0201-4e05-b3da-a302019e059d (1).pdf
850214,SY0515411,Gas Turbine,61B,Hot Gas Path Inspection (HGPI),EVP-503952,EV-111271,C-10314724,FSP-239300,A-1460622,,16-Sep-21,30-Aug-21,19-08-2021,/Volumes/vgpd/fsr_std_views/fsr_std_vol/FSR_After_2016/FSR_Databricks/7233daa3-0201-4e05-b3da-a302019e059d.pdf
850214,SY0515411,Gas Turbine,61B,Hot Gas Path Inspection (HGPI),EVP-503952,EV-111272,C-10314724,FSP-239300,A-1460622,,16-Sep-21,30-Aug-21,19-08-2021,/Volumes/vgpd/fsr_std_views/fsr_std_vol/FSR_After_2016/FSR_Databricks/7233daa3-0201-4e05-b3da-a302019e059d.pdf
341X944,SY0506541,Generator,BDAX 7,Hot Gas Path Inspection (HGPI),EVP-503952,EV-111271,C-10314724,FSP-239300,A-1460622,,16-Sep-21,30-Aug-21,19-08-2021,/Volumes/vgpd/fsr_std_views/fsr_std_vol/FSR_After_2016/FSR_Databricks/7233daa3-0201-4e05-b3da-a302019e059d.pdf
341X944,SY0506541,Generator,BDAX 7,Hot Gas Path Inspection (HGPI),EVP-503952,EV-111272,C-10314724,FSP-239300,A-1460622,,16-Sep-21,30-Aug-21,19-08-2021,/Volumes/vgpd/fsr_std_views/fsr_std_vol/FSR_After_2016/FSR_Databricks/7233daa3-0201-4e05-b3da-a302019e059d.pdf
270T762,SY0104487,Steam Turbine,107A-14,Minor Inspection,EVP-503800,EV-112446,C-10311129,FSP-234098,A-1356456,,,12-09-2020,30-10-2020,/Volumes/vgpd/fsr_std_views/fsr_std_vol/FSR_After_2016/FSR_Databricks/7523f0ed-4f65-4738-a3f0-ed4f65273858.pdf
290T762,SY0134097,Generator,7FH2,Minor Inspection,EVP-503800,EV-112446,C-10311129,FSP-234098,A-1356456,,,12-09-2020,30-10-2020,/Volumes/vgpd/fsr_std_views/fsr_std_vol/FSR_After_2016/FSR_Databricks/7523f0ed-4f65-4738-a3f0-ed4f65273858.pdf
297665,SY0070907,Gas Turbine,7FA.04,Borescope Inspection (BI),EVP-512569,EV-120384,C-10358944,FSP-305721,A-1657496,,,11-Feb-21,12-02-2021,/Volumes/vgpd/fsr_std_views/fsr_std_vol/FSR_After_2016/FSR_Databricks/7589576a-035c-4f3b-8957-6a035cdf3b6f.pdf
G00325,SY0081475,Gas Turbine,GT13E2,Minor Inspection,EVP-500227,EV-105592,C-10344227,FSP-285222,,,,11-Nov-20,18-11-2020,/Volumes/vgpd/fsr_std_views/fsr_std_vol/FSR_After_2016/FSR_Databricks/76297d3f-4b8c-49e8-a97d-3f4b8c99e816.pdf
299459,SY0494190,Gas Turbine,7HA.02,Call-Out,EVP-509524,EV-119075,C-10351447,FSP-295958,,,,05-Oct-20,02-07-2021,/Volumes/vgpd/fsr_std_views/fsr_std_vol/FSR_After_2016/FSR_Databricks/76b00700-1571-4203-b007-0015717203fe.pdf
299459,SY0494190,Gas Turbine,7HA.02,Call-Out,EVP-509524,EV-119076,C-10351447,FSP-295958,,,,05-Oct-20,02-07-2021,/Volumes/vgpd/fsr_std_views/fsr_std_vol/FSR_After_2016/FSR_Databricks/76b00700-1571-4203-b007-0015717203fe.pdf
297759,SY0094048,Gas Turbine,7FA.04,Major Inspection (MI),EVP-504151,EV-118647,C-10330559,FSP-249298,A-1360400,,,05-10-2020,22-11-2020,/Volumes/vgpd/fsr_std_views/fsr_std_vol/FSR_After_2016/FSR_Databricks/771aadaa-fb3c-41d7-9aad-aafb3cd1d71d.pdf
297759,SY0094048,Gas Turbine,7FA.04,Major Inspection (MI),EVP-504151,EV-118648,C-10330559,FSP-249298,A-1360400,,,05-10-2020,22-11-2020,/Volumes/vgpd/fsr_std_views/fsr_std_vol/FSR_After_2016/FSR_Databricks/771aadaa-fb3c-41d7-9aad-aafb3cd1d71d.pdf
338X712,SY0121986,Generator,7FH2,Major Inspection (MI),EVP-504151,EV-118647,C-10330559,FSP-249298,A-1360400,,,05-10-2020,22-11-2020,/Volumes/vgpd/fsr_std_views/fsr_std_vol/FSR_After_2016/FSR_Databricks/771aadaa-fb3c-41d7-9aad-aafb3cd1d71d.pdf
338X712,SY0121986,Generator,7FH2,Major Inspection (MI),EVP-504151,EV-118648,C-10330559,FSP-249298,A-1360400,,,05-10-2020,22-11-2020,/Volumes/vgpd/fsr_std_views/fsr_std_vol/FSR_After_2016/FSR_Databricks/771aadaa-fb3c-41d7-9aad-aafb3cd1d71d.pdf
297845,SY0071351,Gas Turbine,7FA.03,Hot Gas Path Inspection (HGPI),EVP-507277,EV-108546,C-10345507,FSP-287136,A-1375382,,07-Jun-21,01-03-2021,31-03-2021,/Volumes/vgpd/fsr_std_views/fsr_std_vol/FSR_After_2016/FSR_Databricks/7bc46bf5-3932-433d-846b-f53932933dfb.pdf
297845,SY0071351,Gas Turbine,7FA.03,Hot Gas Path Inspection (HGPI),EVP-507277,EV-108547,C-10345507,FSP-287136,A-1375382,,07-Jun-21,01-03-2021,31-03-2021,/Volumes/vgpd/fsr_std_views/fsr_std_vol/FSR_After_2016/FSR_Databricks/7bc46bf5-3932-433d-846b-f53932933dfb.pdf
337X241,SY0073002,Generator,7FH2,Hot Gas Path Inspection (HGPI),EVP-507277,EV-108546,C-10345507,FSP-287136,A-1375382,,07-Jun-21,01-03-2021,31-03-2021,/Volumes/vgpd/fsr_std_views/fsr_std_vol/FSR_After_2016/FSR_Databricks/7bc46bf5-3932-433d-846b-f53932933dfb.pdf
337X241,SY0073002,Generator,7FH2,Hot Gas Path Inspection (HGPI),EVP-507277,EV-108547,C-10345507,FSP-287136,A-1375382,,07-Jun-21,01-03-2021,31-03-2021,/Volumes/vgpd/fsr_std_views/fsr_std_vol/FSR_After_2016/FSR_Databricks/7bc46bf5-3932-433d-846b-f53932933dfb.pdf
298486,SY0093993,Gas Turbine,7FA.04,Major Inspection (MI),EVP-504632,EV-117927,C-10339652,FSP-265400,A-1376786,,,10-12-2020,11-03-2021,/Volumes/vgpd/fsr_std_views/fsr_std_vol/FSR_After_2016/FSR_Databricks/7ca2b283-5dba-4df0-a2b2-835dba4df072.pdf
298486,SY0093993,Gas Turbine,7FA.04,Major Inspection (MI),EVP-504632,EV-117928,C-10339652,FSP-265400,A-1376786,,,10-12-2020,11-03-2021,/Volumes/vgpd/fsr_std_views/fsr_std_vol/FSR_After_2016/FSR_Databricks/7ca2b283-5dba-4df0-a2b2-835dba4df072.pdf
337x875,,,,Major Inspection (MI),EVP-504632,EV-117927,C-10339652,FSP-265400,A-1376786,,,10-12-2020,11-03-2021,/Volumes/vgpd/fsr_std_views/fsr_std_vol/FSR_After_2016/FSR_Databricks/7ca2b283-5dba-4df0-a2b2-835dba4df072.pdf
337x875,,,,Major Inspection (MI),EVP-504632,EV-117928,C-10339652,FSP-265400,A-1376786,,,10-12-2020,11-03-2021,/Volumes/vgpd/fsr_std_views/fsr_std_vol/FSR_After_2016/FSR_Databricks/7ca2b283-5dba-4df0-a2b2-835dba4df072.pdf
G02623-HRSG,SY0077748,HRSG,HRSG,On Site Services,EVP-505319,EV-117237,C-10336758,FSP-274752,,,,04-Nov-20,07-12-2020,/Volumes/vgpd/fsr_std_views/fsr_std_vol/FSR_After_2016/FSR_Databricks/7d326655-2287-4401-b266-552287b4014e.pdf
295932,SY0059053,Gas Turbine,61B,Combustion Inspection (CI),EVP-504324,EV-108745,C-10326624,FSP-257507,A-1514356,,11-Jan-26,25-11-2025,12-Dec-25,/Volumes/vgpd/fsr_std_views/fsr_std_vol/FSR_After_2016/FSR_Databricks/7e6f7063-0369-4607-a23f-686832d5474d.pdf
298226,SY0070723,Gas Turbine,71EA,Call-Out,EVP-510644,EV-118746,C-10354615,FSP-299474,,,,16-Nov-20,27-11-2020,/Volumes/vgpd/fsr_std_views/fsr_std_vol/FSR_After_2016/FSR_Databricks/7fca7a72-378c-4dd1-8a7a-72378c5dd10b.pdf
297180,SY0071298,Gas Turbine,7FA.03,Performance Testing,EVP-509428,EV-113131,C-10351421,FSP-295555,A-1616766,,,24-Jul-20,31-08-2020,/Volumes/vgpd/fsr_std_views/fsr_std_vol/FSR_After_2016/FSR_Databricks/7ffacf0b-f2ae-419a-bacf-0bf2ae419a18.pdf
297837,SY0069758,Gas Turbine,7FA.04,Borescope Inspection (BI),EVP-509830,EV-107461,C-10352027,FSP-296945,A-1621754,,,02-Nov-20,21-11-2020,/Volumes/vgpd/fsr_std_views/fsr_std_vol/FSR_After_2016/FSR_Databricks/8050d3f8-850b-4db2-90d3-f8850b7db213.pdf
P1-4004,SY0373939,Steam Turbine,DKYZ4-4N38,Services Warranty,EVP-509960,EV-123666,C-10352249,FSP-297292,,,,14-Sep-20,10-10-2020,/Volumes/vgpd/fsr_std_views/fsr_std_vol/FSR_After_2016/FSR_Databricks/81919a0f-ae1d-4319-919a-0fae1de31992.pdf
EGG0056,SY0048081,Gas Turbine,9E.03,Borescope Inspection (BI),EVP-508158,EV-109516,C-10348066,FSP-291065,A-1541988,,,12-Sep-20,19-09-2020,/Volumes/vgpd/fsr_std_views/fsr_std_vol/FSR_After_2016/FSR_Databricks/81b80576-a5c1-4225-b805-76a5c17225af.pdf
270T493,SY0073329,Steam Turbine,207D-11,On Site Services,EVP-505731,EV-122028,C-10339863,FSP-279178,A-1563578,,,05-Oct-20,21-10-2020,/Volumes/vgpd/fsr_std_views/fsr_std_vol/FSR_After_2016/FSR_Databricks/8201efc1-c3d1-4b53-81ef-c1c3d17b53ab.pdf
197970,SY0513615,Steam Turbine,SAC,Call-Out,,,,,NEX-P-285265 | SP-ES0-012017,,,28-Jan-21,,/Volumes/vgpd/fsr_std_views/fsr_std_vol/FSR_After_2016/FSR_Databricks/8573897f-f34f-447d-b389-7ff34f647dd7.pdf
REFN6567,SY0019168,Steam Turbine,DGHH2G10054,Unusual,,,,,NEX-P-255218 | SP-10345783,,,,,/Volumes/vgpd/fsr_std_views/fsr_std_vol/FSR_After_2016/FSR_Databricks/8701e87d-9747-4640-81e8-7d9747e6400d.pdf
298816,SY0114698,Gas Turbine,9FA.03,Combustion Inspection (CI),EVP-502071,EV-102791,C-10332433,FSP-258748,A-1417414,,,27-10-2020,06-11-2020,/Volumes/vgpd/fsr_std_views/fsr_std_vol/FSR_After_2016/FSR_Databricks/87580dee-9888-4466-980d-ee9888a466e1.pdf
298366,SY0076134,Gas Turbine,7FA.04,On Site Services,EVP-509715,EV-119588,C-10351862,FSP-296612,A-1619774,,,07-Oct-20,11-10-2020,/Volumes/vgpd/fsr_std_views/fsr_std_vol/FSR_After_2016/FSR_Databricks/8937a5dd-6a08-491a-b7a5-dd6a08c91a7f.pdf
178494,SY0096250,Steam Turbine,SNC,On Site Services,,,C-10346573,FSP-288871,,,,27-Apr-20,,/Volumes/vgpd/fsr_std_views/fsr_std_vol/FSR_After_2016/FSR_Databricks/8bcf54e1-e391-48b0-afed-875e48da61bb.pdf
8357300,SY0121522,Generator,HYDROGEN-CO,On Site Services,,,C-10346573,FSP-288871,,,,27-Apr-20,,/Volumes/vgpd/fsr_std_views/fsr_std_vol/FSR_After_2016/FSR_Databricks/8bcf54e1-e391-48b0-afed-875e48da61bb.pdf
T621,SY0030921,Gas Turbine,61B,Borescope Inspection (BI),EVP-509802,EV-121125,C-10351951,FSP-296849,A-0193473,,,10-Aug-20,15-08-2020,/Volumes/vgpd/fsr_std_views/fsr_std_vol/FSR_After_2016/FSR_Databricks/8e13978c-6568-4785-9397-8c6568c785d5.pdf
T624,SY0030922,Gas Turbine,61B,Borescope Inspection (BI),EVP-509802,EV-121125,C-10351951,FSP-296849,A-0193473,,,10-Aug-20,15-08-2020,/Volumes/vgpd/fsr_std_views/fsr_std_vol/FSR_After_2016/FSR_Databricks/8e13978c-6568-4785-9397-8c6568c785d5.pdf
T626,SY0030923,Gas Turbine,61B,Borescope Inspection (BI),EVP-509802,EV-121125,C-10351951,FSP-296849,A-0193473,,,10-Aug-20,15-08-2020,/Volumes/vgpd/fsr_std_views/fsr_std_vol/FSR_After_2016/FSR_Databricks/8e13978c-6568-4785-9397-8c6568c785d5.pdf
T640,SY0030924,Gas Turbine,61B,Borescope Inspection (BI),EVP-509802,EV-121125,C-10351951,FSP-296849,A-0193473,,,10-Aug-20,15-08-2020,/Volumes/vgpd/fsr_std_views/fsr_std_vol/FSR_After_2016/FSR_Databricks/8e13978c-6568-4785-9397-8c6568c785d5.pdf
T651,SY0030925,Gas Turbine,61B,Borescope Inspection (BI),EVP-509802,EV-121125,C-10351951,FSP-296849,A-0193473,,,10-Aug-20,15-08-2020,/Volumes/vgpd/fsr_std_views/fsr_std_vol/FSR_After_2016/FSR_Databricks/8e13978c-6568-4785-9397-8c6568c785d5.pdf
T656,SY0030928,Gas Turbine,61B,Borescope Inspection (BI),EVP-509802,EV-121125,C-10351951,FSP-296849,A-0193473,,,10-Aug-20,15-08-2020,/Volumes/vgpd/fsr_std_views/fsr_std_vol/FSR_After_2016/FSR_Databricks/8e13978c-6568-4785-9397-8c6568c785d5.pdf
297650,SY0069762,Gas Turbine,7FA.03,Hot Gas Path Inspection (HGPI),EVP-505135,EV-107103,C-10335559,FSP-272830,A-1424346,,,01-Dec-20,08-12-2020,/Volumes/vgpd/fsr_std_views/fsr_std_vol/FSR_After_2016/FSR_Databricks/8e74f735-ebbb-4347-b4f7-35ebbb0347f8.pdf
337X772,SY0071555,Generator,7FH2,Hot Gas Path Inspection (HGPI),EVP-505135,EV-107103,C-10335559,FSP-272830,A-1424346,,,01-Dec-20,08-12-2020,/Volumes/vgpd/fsr_std_views/fsr_std_vol/FSR_After_2016/FSR_Databricks/8e74f735-ebbb-4347-b4f7-35ebbb0347f8.pdf
SG2432,SY0050445,Generator,60WY23Z,Call-Out,EVP-511381,EV-114075,C-10356257,FSP-302336,,,,25-Jan-21,15-04-2021,/Volumes/vgpd/fsr_std_views/fsr_std_vol/FSR_After_2016/FSR_Databricks/90ab6960-5b8d-4a56-ab69-605b8d4a5618.pdf
122013,SY0526146,Steam Turbine,MECH-DRV,Minor Inspection,,,C-10345423,FSP-286763,,,,20-Apr-20,,/Volumes/vgpd/fsr_std_views/fsr_std_vol/FSR_After_2016/FSR_Databricks/910ed2b0-757a-4f93-8ed2-b0757aff9378.pdf
298025,SY0343672,Gas Turbine,7FA.03,Borescope Inspection (BI),EVP-511309,EV-120093,C-10356109,FSP-302138,,,,17-Nov-20,03-12-2020,/Volumes/vgpd/fsr_std_views/fsr_std_vol/FSR_After_2016/FSR_Databricks/9157266e-2978-4858-9726-6e297898589c.pdf
338X700,SY0342537,Generator,7FH2,Borescope Inspection (BI),EVP-511309,EV-120093,C-10356109,FSP-302138,,,,17-Nov-20,03-12-2020,/Volumes/vgpd/fsr_std_views/fsr_std_vol/FSR_After_2016/FSR_Databricks/9157266e-2978-4858-9726-6e297898589c.pdf
890032,SY1364930,Gas Turbine,9E.03,Stand Alone Small Upgrade,EVP-508151,EV-113028,C-10348037,FSP-291015,A-0184775,,,07-12-2020,14-12-2020,/Volumes/vgpd/fsr_std_views/fsr_std_vol/FSR_After_2016/FSR_Databricks/9168ebbb-5948-465d-a8eb-bb5948b65d10.pdf
298025,SY0343672,Gas Turbine,7FA.03,Borescope Inspection (BI),EVP-506399,EV-117122,C-10343407,FSP-283883,A-1576902,,,17-Nov-20,11-01-2021,/Volumes/vgpd/fsr_std_views/fsr_std_vol/FSR_After_2016/FSR_Databricks/91bdf760-f674-4834-bdf7-60f67408346e.pdf
338X700,SY0342537,Generator,7FH2,Borescope Inspection (BI),EVP-506399,EV-117122,C-10343407,FSP-283883,A-1576902,,,17-Nov-20,11-01-2021,/Volumes/vgpd/fsr_std_views/fsr_std_vol/FSR_After_2016/FSR_Databricks/91bdf760-f674-4834-bdf7-60f67408346e.pdf
890395,SY1380056,Gas Turbine,9E.03,Stand Alone Small Upgrade,EVP-505954,EV-113290,C-10341057,FSP-281139,,,,08-Jan-21,30-09-2021,/Volumes/vgpd/fsr_std_views/fsr_std_vol/FSR_After_2016/FSR_Databricks/97284055-167c-42ab-a840-55167c42abaa.pdf
,SY0045150,Steam Turbine,,Minor Inspection,,,,,NEX-P-242143 | SP-10339820,,,01-Jun-20,,/Volumes/vgpd/fsr_std_views/fsr_std_vol/FSR_After_2016/FSR_Databricks/9a589649-bd4b-4b48-9896-49bd4bfb4864.pdf
298396,SY0097045,Gas Turbine,7FA.03,Major Inspection (MI),EVP-505391,EV-107773,C-10337565,FSP-275394,A-1377492,,,11-Jan-21,28-04-2021,/Volumes/vgpd/fsr_std_views/fsr_std_vol/FSR_After_2016/FSR_Databricks/9e139ecd-aca3-4043-939e-cdaca3304334.pdf
338X358,SY0350125,Generator,7FH2,Major Inspection (MI),EVP-505391,EV-107773,C-10337565,FSP-275394,A-1377492,,,11-Jan-21,28-04-2021,/Volumes/vgpd/fsr_std_views/fsr_std_vol/FSR_After_2016/FSR_Databricks/9e139ecd-aca3-4043-939e-cdaca3304334.pdf
298830,SY0110201,Gas Turbine,71EA,Major Inspection (MI),EVP-503647,EV-123871,C-10342845,FSP-221902,A-1635524,,,04-Feb-21,06-03-2021,/Volumes/vgpd/fsr_std_views/fsr_std_vol/FSR_After_2016/FSR_Databricks/9f7fad2d-5e10-4aee-bfad-2d5e10caee20.pdf
298830,SY0110201,Gas Turbine,71EA,Major Inspection (MI),EVP-503647,EV-123872,C-10342845,FSP-221902,A-1635524,,,04-Feb-21,19-02-2021,/Volumes/vgpd/fsr_std_views/fsr_std_vol/FSR_After_2016/FSR_Databricks/9f7fad2d-5e10-4aee-bfad-2d5e10caee20.pdf
436X127,SY0134595,Generator,7A6,Major Inspection (MI),EVP-503647,EV-123871,C-10342845,FSP-221902,A-1635524,,,04-Feb-21,06-03-2021,/Volumes/vgpd/fsr_std_views/fsr_std_vol/FSR_After_2016/FSR_Databricks/9f7fad2d-5e10-4aee-bfad-2d5e10caee20.pdf
436X127,SY0134595,Generator,7A6,Major Inspection (MI),EVP-503647,EV-123872,C-10342845,FSP-221902,A-1635524,,,04-Feb-21,19-02-2021,/Volumes/vgpd/fsr_std_views/fsr_std_vol/FSR_After_2016/FSR_Databricks/9f7fad2d-5e10-4aee-bfad-2d5e10caee20.pdf
297457,SY0070264,Gas Turbine,7FA.04,Stand Alone Large Upgrade,EVP-507898,EV-113510,C-10347208,FSP-289773,,,,14-09-2020,30-10-2020,/Volumes/vgpd/fsr_std_views/fsr_std_vol/FSR_After_2016/FSR_Databricks/9faa980e-6980-43ce-aa98-0e6980f3ce5a.pdf
297518,SY0071405,Gas Turbine,7FA.04,Hot Gas Path Inspection (HGPI),EVP-502879,EV-106506,1633518,,A-1633518,,,01-Sep-25,26-Sep-25,/Volumes/vgpd/fsr_std_views/fsr_std_vol/FSR_After_2016/FSR_Databricks/Field_Service_Report_ProjectID_A-1633518_EV-106506_EVP-502879.pdf
297518,SY0071405,Gas Turbine,7FA.04,Hot Gas Path Inspection (HGPI),EVP-502879,EV-106506,1633518,,A-1633518,,,01-Sep-25,26-Sep-25,/Volumes/vgpd/fsr_std_views/fsr_std_vol/FSR_After_2016/FSR_Databricks/Field_Service_Report_ProjectID_A-1633518_EV-106506_EVP-502879.pdf
337X160,SY0073058,Generator,7FH2,Hot Gas Path Inspection (HGPI),EVP-502879,EV-106506,1633518,,A-1633518,,,01-Sep-25,26-Sep-25,/Volumes/vgpd/fsr_std_views/fsr_std_vol/FSR_After_2016/FSR_Databricks/Field_Service_Report_ProjectID_A-1633518_EV-106506_EVP-502879.pdf
337X160,SY0073058,Generator,7FH2,Hot Gas Path Inspection (HGPI),EVP-502879,EV-106506,1633518,,A-1633518,,,01-Sep-25,26-Sep-25,/Volumes/vgpd/fsr_std_views/fsr_std_vol/FSR_After_2016/FSR_Databricks/Field_Service_Report_ProjectID_A-1633518_EV-106506_EVP-502879.pdf
EGG0249,SY0093198,Gas Turbine,9E.03,On Site Services,EVP-540375,EV-161938,161938,,A-1850818,,,09-Apr-24,28-Jul-24,/Volumes/vgpd/fsr_std_views/fsr_std_vol/FSR_After_2016/FSR_Databricks/Field_Service_Report_ProjectID_A-1850818_EV-161938_EVP-540375.pdf
297728,SY0071192,Gas Turbine,7FA.03,Call-Out,EVP-555784,EV-185486,185486,,A-1961226,,08-Sep-25,29-Aug-25,05-09-2025,/Volumes/vgpd/fsr_std_views/fsr_std_vol/FSR_After_2016/FSR_Databricks/Field_Service_Report_ProjectID_A-1961226_EV-185486_EVP-555784.pdf
HT100161,SY0051505,Generator,50WT21H-120,Borescope Inspection (BI),EVP-553126,EV-179838,179838,,PMX-EG0-007837,,30-Sep-25,06-Sep-25,19-Sep-25,/Volumes/vgpd/fsr_std_views/fsr_std_vol/FSR_After_2016/FSR_Databricks/Field_Service_Report_ProjectID_EV-179838_PMX-EG0-007837_EVP-553126.pdf
290T466,SY0341790,Generator,9A4,Call-Out,EVP-557600,EV-188204,188204,,,,16-Dec-25,15-Nov-25,16-Nov-25,/Volumes/vgpd/fsr_std_views/fsr_std_vol/FSR_After_2016/FSR_Databricks/Field_Service_Report_ProjectID_EV-188204_EVP-557600 1 (1).pdf
297466,SY0070387,Gas Turbine,7FA.03,Combustion Inspection (CI),EVP-504777,EV-121462,C-10337038,FSP-268637,A-1432960,,,01-Oct-20,09-10-2020,/Volumes/vgpd/fsr_std_views/fsr_std_vol/FSR_After_2016/FSR_Databricks/a11d89e8-f49b-498c-9d89-e8f49ba98c4f.pdf
G00250,SY0048640,Gas Turbine,GT13E2,A Inspection,EVP-502195,EV-102713,C-10352065,FSP-296964,A-0193853,,28-Feb-21,01-02-2021,13-02-2021,/Volumes/vgpd/fsr_std_views/fsr_std_vol/FSR_After_2016/FSR_Databricks/a13d7eb3-41f4-44f8-bd7e-b341f4c4f861.pdf
804325,SY0047775,Gas Turbine,GT13E2,On Site Services,EVP-506908,EV-107738,C-10344605,FSP-285777,A-0178081,,,10-Jun-20,21-08-2020,/Volumes/vgpd/fsr_std_views/fsr_std_vol/FSR_After_2016/FSR_Databricks/a1f6ca9b-f5db-4f22-b6ca-9bf5db7f227a.pdf
804325,SY0047775,Gas Turbine,GT13E2,On Site Services,EVP-506908,EV-107737,C-10344605,FSP-285777,A-0178081,,,10-Jun-20,21-08-2020,/Volumes/vgpd/fsr_std_views/fsr_std_vol/FSR_After_2016/FSR_Databricks/a1f6ca9b-f5db-4f22-b6ca-9bf5db7f227a.pdf
10871,SY0019676,Steam Turbine,T2A 500.30-4F900G,B Inspection,,,,,NEX-P-234781 | SP-ES0-011564,,,,,/Volumes/vgpd/fsr_std_views/fsr_std_vol/FSR_After_2016/FSR_Databricks/a56e2e24-f11a-4622-ae2e-24f11a1622d8.pdf
SY1395746,,,,B Inspection,,,,,NEX-P-234781 | SP-ES0-011564,,,,,/Volumes/vgpd/fsr_std_views/fsr_std_vol/FSR_After_2016/FSR_Databricks/a56e2e24-f11a-4622-ae2e-24f11a1622d8.pdf
97866,SY0096066,Steam Turbine,SAC,Minor Inspection,,,,,NEX-P-245469 | SP-10340017,,,16-Nov-20,,/Volumes/vgpd/fsr_std_views/fsr_std_vol/FSR_After_2016/FSR_Databricks/a575c98c-a8f9-4e1d-b5c9-8ca8f94e1df4.pdf
297180,SY0071298,Gas Turbine,7FA.03,Performance Testing,EVP-510226,EV-120666,C-10353774,FSP-297941,A-1626828,,,13-09-2020,31-03-2021,/Volumes/vgpd/fsr_std_views/fsr_std_vol/FSR_After_2016/FSR_Databricks/a74750ce-47c1-4cea-8750-ce47c1fcea56.pdf
297643,SY0518370,Gas Turbine,71EA,Borescope Inspection (BI),EVP-510387,EV-116980,10353773,FSP-298513,A-1628662 | C-10353773,,,06-Nov-20,06-11-2020,/Volumes/vgpd/fsr_std_views/fsr_std_vol/FSR_After_2016/FSR_Databricks/a844e49c-1dbc-42ea-84e4-9c1dbc52ea14.pdf
270T501,SY0073281,Steam Turbine,107SC,Call-Out,,,,FSP-284981,A-1581114 | C-10344051,,12-Aug-21,12-Apr-21,,/Volumes/vgpd/fsr_std_views/fsr_std_vol/FSR_After_2016/FSR_Databricks/ab16254e-67f9-44bb-9625-4e67f9f4bbdf.pdf
818155,,,,On Site Services,EVP-511510,EV-123311,10356591,FSP-302693,C-10356591,,,20-Jan-21,26-02-2021,/Volumes/vgpd/fsr_std_views/fsr_std_vol/FSR_After_2016/FSR_Databricks/ac448fa9-7910-4ac7-848f-a979102ac7f5.pdf
270T582,SY0094099,Steam Turbine,207D-11,On Site Services,EVP-508297,EV-110962,10348469,FSP-291587,A-1602318 | C-10348469,,24-May-21,26-Apr-21,21-05-2021,/Volumes/vgpd/fsr_std_views/fsr_std_vol/FSR_After_2016/FSR_Databricks/aca979a5-ca20-49af-a979-a5ca2089af86.pdf
850059,SY0522929,Gas Turbine,61B,Performance Testing,EVP-508964,EV-112984,10350243,FSP-294072,A-1610242 | C-10350243,,,20-Oct-20,31-12-2020,/Volumes/vgpd/fsr_std_views/fsr_std_vol/FSR_After_2016/FSR_Databricks/ad2895d4-2d2f-40de-a895-d42d2fd0dedb.pdf
875046,SY0330126,Gas Turbine,6FA.03,Performance Testing,EVP-511190,EV-112417,10355813,FSP-301750,A-1639244 | C-10355813,,,11-11-2020,13-11-2020,/Volumes/vgpd/fsr_std_views/fsr_std_vol/FSR_After_2016/FSR_Databricks/b0b1405a-f0db-4aeb-b140-5af0db6aeb69.pdf
EGG0282,SY0530376,Gas Turbine,61B,Unusual,EVP-510452,EV-118887,10353467,FSP-298770,A-1628268 | C-10353467,,,24-Sep-20,01-10-2020,/Volumes/vgpd/fsr_std_views/fsr_std_vol/FSR_After_2016/FSR_Databricks/b14a83a2-f101-4e06-8a83-a2f1013e0677.pdf
297893,SY0048553,Gas Turbine,7FA.04,Call-Out,EVP-505123,EV-118707,10335568,FSP-272789,A-1545588 | C-10335568,,09-Feb-21,20-10-2020,21-10-2020,/Volumes/vgpd/fsr_std_views/fsr_std_vol/FSR_After_2016/FSR_Databricks/b1572a29-c7e5-468d-972a-29c7e5468d62.pdf
297392,SY0070574,Gas Turbine,71EA,Call-Out,EVP-506335,EV-114143,10343166,FSP-283622,A-1575254 | C-10343166,,,30-Dec-19,10-01-2020,/Volumes/vgpd/fsr_std_views/fsr_std_vol/FSR_After_2016/FSR_Databricks/b2a1db91-8301-480a-a1db-918301480a7c.pdf
298759 | 290T739,,,,Minor Inspection,EVP-504574,EV-109764,10332795,FSP-262130,A-1360866 | C-10332795,,,20-01-2021,15-11-2021,/Volumes/vgpd/fsr_std_views/fsr_std_vol/FSR_After_2016/FSR_Databricks/b2eba259-afa0-4c94-aba2-59afa09c9488.pdf
298759 | 290T739,,,,Minor Inspection,EVP-504574,EV-109765,10332795,FSP-262130,A-1360866 | C-10332795,,,20-01-2021,15-11-2021,/Volumes/vgpd/fsr_std_views/fsr_std_vol/FSR_After_2016/FSR_Databricks/b2eba259-afa0-4c94-aba2-59afa09c9488.pdf
197656,SY0044073,Steam Turbine,107SCSF,Minor Inspection,EVP-508323,EV-107555,10357185,FSP-291694,A-1602644 | C-10357185,,08-Jul-21,05-Apr-21,20-06-2021,/Volumes/vgpd/fsr_std_views/fsr_std_vol/FSR_After_2016/FSR_Databricks/b31615c7-de7a-4df4-9615-c7de7a8df46d.pdf
197656,SY0044073,Steam Turbine,107SCSF,Minor Inspection,EVP-508323,EV-107556,10357185,FSP-291694,A-1602644 | C-10357185,,08-Jul-21,05-Apr-21,20-06-2021,/Volumes/vgpd/fsr_std_views/fsr_std_vol/FSR_After_2016/FSR_Databricks/b31615c7-de7a-4df4-9615-c7de7a8df46d.pdf
161X778,SY0035710,Generator,HYDROGEN-CO,Minor Inspection,EVP-508323,EV-107555,10357185,FSP-291694,A-1602644 | C-10357185,,08-Jul-21,05-Apr-21,20-06-2021,/Volumes/vgpd/fsr_std_views/fsr_std_vol/FSR_After_2016/FSR_Databricks/b31615c7-de7a-4df4-9615-c7de7a8df46d.pdf
161X778,SY0035710,Generator,HYDROGEN-CO,Minor Inspection,EVP-508323,EV-107556,10357185,FSP-291694,A-1602644 | C-10357185,,08-Jul-21,05-Apr-21,20-06-2021,/Volumes/vgpd/fsr_std_views/fsr_std_vol/FSR_After_2016/FSR_Databricks/b31615c7-de7a-4df4-9615-c7de7a8df46d.pdf
298485 | 338X452,,,,Major Inspection (MI),EVP-504191,EV-114176,10321724,FSP-250379,A-1377434 | C-10321724,,,05-10-2020,11-03-2021,/Volumes/vgpd/fsr_std_views/fsr_std_vol/FSR_After_2016/FSR_Databricks/b59f4fc6-7380-4086-9f4f-c67380e08605.pdf
295472,SY0114229,Gas Turbine,51P,Stand Alone Large Upgrade,EVP-505499,EV-124345,10338110,FSP-276858,C-10338110,,,10-Feb-20,31-10-2022,/Volumes/vgpd/fsr_std_views/fsr_std_vol/FSR_After_2016/FSR_Databricks/b82524da-5301-4bd0-9fbe-f070f7317c92.pdf
297778 | 33X415,,,,On Site Services,EVP-505842,EV-106803,10340514,FSP-280244,A-1565994 | C-10340514,,,26-Oct-20,04-11-2020,/Volumes/vgpd/fsr_std_views/fsr_std_vol/FSR_After_2016/FSR_Databricks/b8ea1eb9-2d1e-4949-aa1e-b92d1e994988.pdf
818062,SY0022839,Steam Turbine,DKS6CYT-852,Stand Alone Large Upgrade,,,,FSP-264960,C-10341123,,,03-Mar-20,,/Volumes/vgpd/fsr_std_views/fsr_std_vol/FSR_After_2016/FSR_Databricks/b92d8a90-5f24-45ba-8567-6fbb83f8d8f9.pdf
,SY0017425,Steam Turbine,,On Site Services,,,NEX-P-278228 | SP-ES0-011784,,,,,30-Nov-20,,/Volumes/vgpd/fsr_std_views/fsr_std_vol/FSR_After_2016/FSR_Databricks/ba34b494-88dc-41cd-b4b4-9488dc51cd92.pdf
875064,SY0904906,Gas Turbine,6FA.03,Combustion Inspection (CI),EVP-501212,EV-104752,10334329,FSP-271121,A-1372166 | C-10334329,,,03-Feb-21,11-02-2021,/Volumes/vgpd/fsr_std_views/fsr_std_vol/FSR_After_2016/FSR_Databricks/bacb0618-9f97-41a3-8b06-189f9711a3e2.pdf
875009,SY0060174,Gas Turbine,6FA.03,Call-Out,EVP-510527,EV-124228,10353620,FSP-299012,A-1630256 | C-10353620,,,25-Sep-20,30-09-2020,/Volumes/vgpd/fsr_std_views/fsr_std_vol/FSR_After_2016/FSR_Databricks/bbad8c2b-ff87-437d-ad8c-2bff87837dbc.pdf
270T790,SY0343884,Steam Turbine,207D-11,Major Inspection (MI),EVP-504840,EV-117334,10333286,FSP-269532,A-1472588 | C-10333286,,,05-09-2020,05-11-2020,/Volumes/vgpd/fsr_std_views/fsr_std_vol/FSR_After_2016/FSR_Databricks/bd3d5e3d-3380-4f2e-bd5e-3d3380cf2e5a.pdf
299019,SY0346357,Gas Turbine,7FA.04,Call-Out,EVP-501788,EV-104802,10356431,FSP-302567,A-1643114 | C-10356431,,,28-Nov-20,14-12-2020,/Volumes/vgpd/fsr_std_views/fsr_std_vol/FSR_After_2016/FSR_Databricks/be89a498-b09b-49bf-89a4-98b09b99bf54.pdf
298047,SY0076076,Gas Turbine,9FA.04,Borescope Inspection (BI),EVP-506602,EV-123811,10343831,FSP-284548,A-1579772 | C-10343831,,,19-Jul-20,02-08-2020,/Volumes/vgpd/fsr_std_views/fsr_std_vol/FSR_After_2016/FSR_Databricks/bf945079-157f-4905-9450-79157f3905f1.pdf
214293,SY0094168,Gas Turbine,51M,Borescope Inspection (BI),EVP-509724,EV-121957,10351799,FSP-296647,C-10351799,,,10-Aug-20,18-08-2020,/Volumes/vgpd/fsr_std_views/fsr_std_vol/FSR_After_2016/FSR_Databricks/bfa2ed05-a992-4d74-a2ed-05a9922d74b1.pdf
850121,SY0498126,Gas Turbine,61B,Combustion Inspection (CI),EVP-504989,EV-121463,10334464,FSP-271264,A-1392310 | C-10334464,,10-Jan-22,18-Dec-21,26-12-2021,/Volumes/vgpd/fsr_std_views/fsr_std_vol/FSR_After_2016/FSR_Databricks/c03e50de-f79f-4ebb-be50-def79f3ebb30.pdf
850121,SY0498126,Gas Turbine,61B,Combustion Inspection (CI),EVP-504989,EV-121464,10334464,FSP-271264,A-1392310 | C-10334464,,10-Jan-22,18-Dec-21,26-12-2021,/Volumes/vgpd/fsr_std_views/fsr_std_vol/FSR_After_2016/FSR_Databricks/c03e50de-f79f-4ebb-be50-def79f3ebb30.pdf
934699,SY0510953,Generator,DG,Combustion Inspection (CI),EVP-504989,EV-121463,10334464,FSP-271264,A-1392310 | C-10334464,,10-Jan-22,18-Dec-21,26-12-2021,/Volumes/vgpd/fsr_std_views/fsr_std_vol/FSR_After_2016/FSR_Databricks/c03e50de-f79f-4ebb-be50-def79f3ebb30.pdf
934699,SY0510953,Generator,DG,Combustion Inspection (CI),EVP-504989,EV-121464,10334464,FSP-271264,A-1392310 | C-10334464,,10-Jan-22,18-Dec-21,26-12-2021,/Volumes/vgpd/fsr_std_views/fsr_std_vol/FSR_After_2016/FSR_Databricks/c03e50de-f79f-4ebb-be50-def79f3ebb30.pdf
298914,SY0342988,Gas Turbine,7FA.03,Borescope Inspection (BI),EVP-511296,EV-118709,10356111,FSP-302101,A-1641260 | C-10356111,,,08-Mar-21,13-03-2021,/Volumes/vgpd/fsr_std_views/fsr_std_vol/FSR_After_2016/FSR_Databricks/c052426b-b3f9-437d-9242-6bb3f9b37d49.pdf
819733,SY0047509,Gas Turbine,GT26,Stand Alone Large Upgrade,EVP-508354,EV-112259,10348575,FSP-291828,C-10348575,,,09-10-2022,10-Mar-23,/Volumes/vgpd/fsr_std_views/fsr_std_vol/FSR_After_2016/FSR_Databricks/c067602d-4b8f-4dd9-99e4-670db03c6d06.pdf
819733,SY0047509,Gas Turbine,GT26,Stand Alone Large Upgrade,EVP-508354,EV-112258,10348575,FSP-291828,C-10348575,,,09-10-2022,10-Mar-23,/Volumes/vgpd/fsr_std_views/fsr_std_vol/FSR_After_2016/FSR_Databricks/c067602d-4b8f-4dd9-99e4-670db03c6d06.pdf
819733,SY0047509,Gas Turbine,GT26,Stand Alone Large Upgrade,EVP-508354,EV-112257,10348575,FSP-291828,C-10348575,,,09-10-2022,10-Mar-23,/Volumes/vgpd/fsr_std_views/fsr_std_vol/FSR_After_2016/FSR_Databricks/c067602d-4b8f-4dd9-99e4-670db03c6d06.pdf
819733,SY0047509,Gas Turbine,GT26,Stand Alone Large Upgrade,EVP-508354,EV-112256,10348575,FSP-291828,C-10348575,,,09-10-2022,10-Mar-23,/Volumes/vgpd/fsr_std_views/fsr_std_vol/FSR_After_2016/FSR_Databricks/c067602d-4b8f-4dd9-99e4-670db03c6d06.pdf
819733,SY0047509,Gas Turbine,GT26,Stand Alone Large Upgrade,EVP-508354,EV-112254,10348575,FSP-291828,C-10348575,,,09-10-2022,10-Mar-23,/Volumes/vgpd/fsr_std_views/fsr_std_vol/FSR_After_2016/FSR_Databricks/c067602d-4b8f-4dd9-99e4-670db03c6d06.pdf
819733,SY0047509,Gas Turbine,GT26,Stand Alone Large Upgrade,EVP-508354,EV-112255,10348575,FSP-291828,C-10348575,,,09-10-2022,10-Mar-23,/Volumes/vgpd/fsr_std_views/fsr_std_vol/FSR_After_2016/FSR_Databricks/c067602d-4b8f-4dd9-99e4-670db03c6d06.pdf
804867,SY0047510,Gas Turbine,GT26,Stand Alone Large Upgrade,EVP-508354,EV-112259,10348575,FSP-291828,C-10348575,,,09-10-2022,10-Mar-23,/Volumes/vgpd/fsr_std_views/fsr_std_vol/FSR_After_2016/FSR_Databricks/c067602d-4b8f-4dd9-99e4-670db03c6d06.pdf
804867,SY0047510,Gas Turbine,GT26,Stand Alone Large Upgrade,EVP-508354,EV-112258,10348575,FSP-291828,C-10348575,,,09-10-2022,10-Mar-23,/Volumes/vgpd/fsr_std_views/fsr_std_vol/FSR_After_2016/FSR_Databricks/c067602d-4b8f-4dd9-99e4-670db03c6d06.pdf
804867,SY0047510,Gas Turbine,GT26,Stand Alone Large Upgrade,EVP-508354,EV-112257,10348575,FSP-291828,C-10348575,,,09-10-2022,10-Mar-23,/Volumes/vgpd/fsr_std_views/fsr_std_vol/FSR_After_2016/FSR_Databricks/c067602d-4b8f-4dd9-99e4-670db03c6d06.pdf
804867,SY0047510,Gas Turbine,GT26,Stand Alone Large Upgrade,EVP-508354,EV-112256,10348575,FSP-291828,C-10348575,,,09-10-2022,10-Mar-23,/Volumes/vgpd/fsr_std_views/fsr_std_vol/FSR_After_2016/FSR_Databricks/c067602d-4b8f-4dd9-99e4-670db03c6d06.pdf
804867,SY0047510,Gas Turbine,GT26,Stand Alone Large Upgrade,EVP-508354,EV-112254,10348575,FSP-291828,C-10348575,,,09-10-2022,10-Mar-23,/Volumes/vgpd/fsr_std_views/fsr_std_vol/FSR_After_2016/FSR_Databricks/c067602d-4b8f-4dd9-99e4-670db03c6d06.pdf
804867,SY0047510,Gas Turbine,GT26,Stand Alone Large Upgrade,EVP-508354,EV-112255,10348575,FSP-291828,C-10348575,,,09-10-2022,10-Mar-23,/Volumes/vgpd/fsr_std_views/fsr_std_vol/FSR_After_2016/FSR_Databricks/c067602d-4b8f-4dd9-99e4-670db03c6d06.pdf
1-366151,SY0052124,Steam Turbine,DKYZZ3-2N41B,Stand Alone Large Upgrade,EVP-508354,EV-112259,10348575,FSP-291828,C-10348575,,,09-10-2022,10-Mar-23,/Volumes/vgpd/fsr_std_views/fsr_std_vol/FSR_After_2016/FSR_Databricks/c067602d-4b8f-4dd9-99e4-670db03c6d06.pdf
1-366151,SY0052124,Steam Turbine,DKYZZ3-2N41B,Stand Alone Large Upgrade,EVP-508354,EV-112258,10348575,FSP-291828,C-10348575,,,09-10-2022,10-Mar-23,/Volumes/vgpd/fsr_std_views/fsr_std_vol/FSR_After_2016/FSR_Databricks/c067602d-4b8f-4dd9-99e4-670db03c6d06.pdf
1-366151,SY0052124,Steam Turbine,DKYZZ3-2N41B,Stand Alone Large Upgrade,EVP-508354,EV-112257,10348575,FSP-291828,C-10348575,,,09-10-2022,10-Mar-23,/Volumes/vgpd/fsr_std_views/fsr_std_vol/FSR_After_2016/FSR_Databricks/c067602d-4b8f-4dd9-99e4-670db03c6d06.pdf
1-366151,SY0052124,Steam Turbine,DKYZZ3-2N41B,Stand Alone Large Upgrade,EVP-508354,EV-112256,10348575,FSP-291828,C-10348575,,,09-10-2022,10-Mar-23,/Volumes/vgpd/fsr_std_views/fsr_std_vol/FSR_After_2016/FSR_Databricks/c067602d-4b8f-4dd9-99e4-670db03c6d06.pdf
1-366151,SY0052124,Steam Turbine,DKYZZ3-2N41B,Stand Alone Large Upgrade,EVP-508354,EV-112254,10348575,FSP-291828,C-10348575,,,09-10-2022,10-Mar-23,/Volumes/vgpd/fsr_std_views/fsr_std_vol/FSR_After_2016/FSR_Databricks/c067602d-4b8f-4dd9-99e4-670db03c6d06.pdf
1-366151,SY0052124,Steam Turbine,DKYZZ3-2N41B,Stand Alone Large Upgrade,EVP-508354,EV-112255,10348575,FSP-291828,C-10348575,,,09-10-2022,10-Mar-23,/Volumes/vgpd/fsr_std_views/fsr_std_vol/FSR_After_2016/FSR_Databricks/c067602d-4b8f-4dd9-99e4-670db03c6d06.pdf
HG2614,SY0049688,Generator,50WT21H-120,Stand Alone Large Upgrade,EVP-508354,EV-112259,10348575,FSP-291828,C-10348575,,,09-10-2022,10-Mar-23,/Volumes/vgpd/fsr_std_views/fsr_std_vol/FSR_After_2016/FSR_Databricks/c067602d-4b8f-4dd9-99e4-670db03c6d06.pdf
HG2614,SY0049688,Generator,50WT21H-120,Stand Alone Large Upgrade,EVP-508354,EV-112258,10348575,FSP-291828,C-10348575,,,09-10-2022,10-Mar-23,/Volumes/vgpd/fsr_std_views/fsr_std_vol/FSR_After_2016/FSR_Databricks/c067602d-4b8f-4dd9-99e4-670db03c6d06.pdf
HG2614,SY0049688,Generator,50WT21H-120,Stand Alone Large Upgrade,EVP-508354,EV-112257,10348575,FSP-291828,C-10348575,,,09-10-2022,10-Mar-23,/Volumes/vgpd/fsr_std_views/fsr_std_vol/FSR_After_2016/FSR_Databricks/c067602d-4b8f-4dd9-99e4-670db03c6d06.pdf
HG2614,SY0049688,Generator,50WT21H-120,Stand Alone Large Upgrade,EVP-508354,EV-112256,10348575,FSP-291828,C-10348575,,,09-10-2022,10-Mar-23,/Volumes/vgpd/fsr_std_views/fsr_std_vol/FSR_After_2016/FSR_Databricks/c067602d-4b8f-4dd9-99e4-670db03c6d06.pdf
HG2614,SY0049688,Generator,50WT21H-120,Stand Alone Large Upgrade,EVP-508354,EV-112254,10348575,FSP-291828,C-10348575,,,09-10-2022,10-Mar-23,/Volumes/vgpd/fsr_std_views/fsr_std_vol/FSR_After_2016/FSR_Databricks/c067602d-4b8f-4dd9-99e4-670db03c6d06.pdf
HG2614,SY0049688,Generator,50WT21H-120,Stand Alone Large Upgrade,EVP-508354,EV-112255,10348575,FSP-291828,C-10348575,,,09-10-2022,10-Mar-23,/Volumes/vgpd/fsr_std_views/fsr_std_vol/FSR_After_2016/FSR_Databricks/c067602d-4b8f-4dd9-99e4-670db03c6d06.pdf
HG2615,SY0049689,Generator,50WT21H-120,Stand Alone Large Upgrade,EVP-508354,EV-112259,10348575,FSP-291828,C-10348575,,,09-10-2022,10-Mar-23,/Volumes/vgpd/fsr_std_views/fsr_std_vol/FSR_After_2016/FSR_Databricks/c067602d-4b8f-4dd9-99e4-670db03c6d06.pdf
HG2615,SY0049689,Generator,50WT21H-120,Stand Alone Large Upgrade,EVP-508354,EV-112258,10348575,FSP-291828,C-10348575,,,09-10-2022,10-Mar-23,/Volumes/vgpd/fsr_std_views/fsr_std_vol/FSR_After_2016/FSR_Databricks/c067602d-4b8f-4dd9-99e4-670db03c6d06.pdf
HG2615,SY0049689,Generator,50WT21H-120,Stand Alone Large Upgrade,EVP-508354,EV-112257,10348575,FSP-291828,C-10348575,,,09-10-2022,10-Mar-23,/Volumes/vgpd/fsr_std_views/fsr_std_vol/FSR_After_2016/FSR_Databricks/c067602d-4b8f-4dd9-99e4-670db03c6d06.pdf
HG2615,SY0049689,Generator,50WT21H-120,Stand Alone Large Upgrade,EVP-508354,EV-112256,10348575,FSP-291828,C-10348575,,,09-10-2022,10-Mar-23,/Volumes/vgpd/fsr_std_views/fsr_std_vol/FSR_After_2016/FSR_Databricks/c067602d-4b8f-4dd9-99e4-670db03c6d06.pdf
HG2615,SY0049689,Generator,50WT21H-120,Stand Alone Large Upgrade,EVP-508354,EV-112254,10348575,FSP-291828,C-10348575,,,09-10-2022,10-Mar-23,/Volumes/vgpd/fsr_std_views/fsr_std_vol/FSR_After_2016/FSR_Databricks/c067602d-4b8f-4dd9-99e4-670db03c6d06.pdf
HG2615,SY0049689,Generator,50WT21H-120,Stand Alone Large Upgrade,EVP-508354,EV-112255,10348575,FSP-291828,C-10348575,,,09-10-2022,10-Mar-23,/Volumes/vgpd/fsr_std_views/fsr_std_vol/FSR_After_2016/FSR_Databricks/c067602d-4b8f-4dd9-99e4-670db03c6d06.pdf
HT100144,SY0049690,Generator,50WT21H-120,Stand Alone Large Upgrade,EVP-508354,EV-112259,10348575,FSP-291828,C-10348575,,,09-10-2022,10-Mar-23,/Volumes/vgpd/fsr_std_views/fsr_std_vol/FSR_After_2016/FSR_Databricks/c067602d-4b8f-4dd9-99e4-670db03c6d06.pdf
HT100144,SY0049690,Generator,50WT21H-120,Stand Alone Large Upgrade,EVP-508354,EV-112258,10348575,FSP-291828,C-10348575,,,09-10-2022,10-Mar-23,/Volumes/vgpd/fsr_std_views/fsr_std_vol/FSR_After_2016/FSR_Databricks/c067602d-4b8f-4dd9-99e4-670db03c6d06.pdf
HT100144,SY0049690,Generator,50WT21H-120,Stand Alone Large Upgrade,EVP-508354,EV-112257,10348575,FSP-291828,C-10348575,,,09-10-2022,10-Mar-23,/Volumes/vgpd/fsr_std_views/fsr_std_vol/FSR_After_2016/FSR_Databricks/c067602d-4b8f-4dd9-99e4-670db03c6d06.pdf
HT100144,SY0049690,Generator,50WT21H-120,Stand Alone Large Upgrade,EVP-508354,EV-112256,10348575,FSP-291828,C-10348575,,,09-10-2022,10-Mar-23,/Volumes/vgpd/fsr_std_views/fsr_std_vol/FSR_After_2016/FSR_Databricks/c067602d-4b8f-4dd9-99e4-670db03c6d06.pdf
HT100144,SY0049690,Generator,50WT21H-120,Stand Alone Large Upgrade,EVP-508354,EV-112254,10348575,FSP-291828,C-10348575,,,09-10-2022,10-Mar-23,/Volumes/vgpd/fsr_std_views/fsr_std_vol/FSR_After_2016/FSR_Databricks/c067602d-4b8f-4dd9-99e4-670db03c6d06.pdf
HT100144,SY0049690,Generator,50WT21H-120,Stand Alone Large Upgrade,EVP-508354,EV-112255,10348575,FSP-291828,C-10348575,,,09-10-2022,10-Mar-23,/Volumes/vgpd/fsr_std_views/fsr_std_vol/FSR_After_2016/FSR_Databricks/c067602d-4b8f-4dd9-99e4-670db03c6d06.pdf
GM002361 | GM226361,,,,On Site Services,,,NEX-P-213162 | SP-10349448,,,,,,,/Volumes/vgpd/fsr_std_views/fsr_std_vol/FSR_After_2016/FSR_Databricks/c1cbadb4-2ef3-4af1-8bad-b42ef3eaf1e8.pdf
830826,SY0033854,Generator,T180-180,Major Inspection (MI),EVP-508691,EV-108898,10349535,FSP-292927,C-10349535,CFSR201222,,16-Nov-20,20-12-2020,/Volumes/vgpd/fsr_std_views/fsr_std_vol/FSR_After_2016/FSR_Databricks/c1e304c6-dc97-44fa-a304-c6dc9734fa16.pdf
890919,SY0339573,Gas Turbine,9E.03,On Site Services,EVP-501182,EV-104723,10350171,FSP-293595,C-10350171,,,06-09-2020,17-09-2020,/Volumes/vgpd/fsr_std_views/fsr_std_vol/FSR_After_2016/FSR_Databricks/c1f3ef53-0258-4837-b3ef-530258f83724.pdf
270T581,SY0094093,Steam Turbine,207D-11,On Site Services,EVP-508296,EV-107421,10348468,FSP-291586,A-1602308 | C-10348468,,07-May-21,05-Apr-21,29-04-2021,/Volumes/vgpd/fsr_std_views/fsr_std_vol/FSR_After_2016/FSR_Databricks/c291f7c8-db5b-44e8-91f7-c8db5bd4e810.pdf
299469,SY0493597,Gas Turbine,7HA.02,On Site Services,EVP-510076,EV-124164,10352536,FSP-297631,A-1625596 | C-10352536,,,07-11-2020,15-11-2020,/Volumes/vgpd/fsr_std_views/fsr_std_vol/FSR_After_2016/FSR_Databricks/c2b378d0-ff95-4b41-b378-d0ff95bb410d.pdf
299441,SY0497146,Gas Turbine,7E.03,Hot Gas Path Inspection (HGPI),EVP-504439,EV-113114,10340671,FSP-259226,C-10340671,,,24-Sep-20,12-10-2020,/Volumes/vgpd/fsr_std_views/fsr_std_vol/FSR_After_2016/FSR_Databricks/c3855e11-5f54-4603-855e-115f54860324.pdf
T240-370,SY0017391,Steam Turbine,TC1F,On Site Services,,,,FSP-276089,C-10337571,,,21-Jul-20,,/Volumes/vgpd/fsr_std_views/fsr_std_vol/FSR_After_2016/FSR_Databricks/c49ed3e6-e44b-4503-9ed3-e6e44bb503b2.pdf
270T806,SY0315810,Steam Turbine,207D-11,Borescope Inspection (BI),EVP-511229,EV-109119,10355878,FSP-301866,A-1640532 | C-10355878,,,14-11-2020,15-11-2020,/Volumes/vgpd/fsr_std_views/fsr_std_vol/FSR_After_2016/FSR_Databricks/c5161454-0da0-4f22-9614-540da0af22ef.pdf
180X684,SY0017716,Generator,7H4W1,Major Inspection (MI),,,NEX-P-276050 | SP-EE0-005634,,,,,18-Jan-21,,/Volumes/vgpd/fsr_std_views/fsr_std_vol/FSR_After_2016/FSR_Databricks/c6ac6fe4-9451-4d89-ac6f-e494514d89e2.pdf
180X684,SY0017716,Steam Turbine,M5R,Major Inspection (MI),,,NEX-P-276050 | SP-EE0-005634,,,,,18-Jan-21,,/Volumes/vgpd/fsr_std_views/fsr_std_vol/FSR_After_2016/FSR_Databricks/c6ac6fe4-9451-4d89-ac6f-e494514d89e2.pdf
297778 | 338X415,,,,Hot Gas Path Inspection (HGPI),,,,FSP-219416,A-1361016 | C-10299935,,,25-Oct-19,,/Volumes/vgpd/fsr_std_views/fsr_std_vol/FSR_After_2016/FSR_Databricks/c6cb0a62-24d8-408a-8b0a-6224d8708a5f.pdf
875002,SY0059029,Gas Turbine,6FA.01,Major Inspection (MI),EVP-505050,EV-117116,10342301,FSP-271722,A-1542598 | C-10342301,,,11-Jan-21,30-01-2021,/Volumes/vgpd/fsr_std_views/fsr_std_vol/FSR_After_2016/FSR_Databricks/c8b8f7ef-ff7d-41f7-b8f7-efff7d11f789.pdf
297065,SY0070944,Gas Turbine,71EA,Call-Out,EVP-506926,EV-108489,10344907,FSP-285850,A-1584462 | C-10344907,,08-Feb-21,12-10-2020,29-11-2020,/Volumes/vgpd/fsr_std_views/fsr_std_vol/FSR_After_2016/FSR_Databricks/ca5969b5-aa7e-4336-9969-b5aa7e933634.pdf
811691,SY0050038,Generator,60WX21Z-095,On Site Services,EVP-509205,EV-107740,10350693,FSP-294759,A-0189738 | C-10350693,,,20-Jul-20,26-06-2020,/Volumes/vgpd/fsr_std_views/fsr_std_vol/FSR_After_2016/FSR_Databricks/cd536c24-0a43-4734-936c-240a43b73472.pdf
810966,SY0051426,Generator,T237-268,A Inspection,EVP-508837,EV-120750,10350407,FSP-293625,C-10350407,CFSR20210122,,10-11-2020,14-11-2020,/Volumes/vgpd/fsr_std_views/fsr_std_vol/FSR_After_2016/FSR_Databricks/ce55a0d1-163f-435e-95a0-d1163f635e8e.pdf
295504 | Ex2100,,,,On Site Services,EVP-507032,EV-123607,10344956,FSP-286263,A-1585728 | C-10344956,,,02-Mar-20,11-03-2020,/Volumes/vgpd/fsr_std_views/fsr_std_vol/FSR_After_2016/FSR_Databricks/d1f14ddc-3507-42c8-b14d-dc350762c85e.pdf
298137,SY0047422,Gas Turbine,7FA.03,Borescope Inspection (BI),EVP-505641,EV-120253,10339341,FSP-278469,A-1560558 | C-10339341,,,08-Jun-20,10-06-2020,/Volumes/vgpd/fsr_std_views/fsr_std_vol/FSR_After_2016/FSR_Databricks/d2f4a6f6-f02f-441a-b4a6-f6f02f841ad4.pdf
297893,SY0048553,Gas Turbine,7FA.04,Borescope Inspection (BI),EVP-507261,EV-113929,10345543,FSP-287070,A-1588550 | C-10345543,,03-Nov-21,20-Oct-21,30-10-2021,/Volumes/vgpd/fsr_std_views/fsr_std_vol/FSR_After_2016/FSR_Databricks/d3ae2195-dc11-40f4-ae21-95dc1110f4c0.pdf
270T551,SY0094042,Steam Turbine,307D-11,Call-Out,EVP-509647,EV-106776,10351690,FSP-296450,A-1619026 | C-10351690,,,27-Jul-20,29-07-2020,/Volumes/vgpd/fsr_std_views/fsr_std_vol/FSR_After_2016/FSR_Databricks/d5f982a7-d518-4fdb-b982-a7d518bfdb59.pdf
vnvnvnv,SY0063466,Boiler,TANGENT,,,,NEX-P-266048 | SP-10326408,,,,,,,/Volumes/vgpd/fsr_std_views/fsr_std_vol/FSR_After_2016/FSR_Databricks/d603bcdb-71b3-47a1-83bc-db71b347a1a9.pdf
VG0338,SY0051303,Generator,60WY18Z-090LLT,Minor Inspection,EVP-506650,EV-107655,10346974,FSP-284763,C-10346974,,16-Feb-23,28-10-2022,02-Dec-22,/Volumes/vgpd/fsr_std_views/fsr_std_vol/FSR_After_2016/FSR_Databricks/d64ff01d-972f-4cd2-9719-5f5a69af503c.pdf
297665,SY0070907,Gas Turbine,7FA.04,Borescope Inspection (BI),EVP-504846,EV-114020,10333963,FSP-269600,A-1536222 | C-10333963,,,08-Oct-20,10-10-2020,/Volumes/vgpd/fsr_std_views/fsr_std_vol/FSR_After_2016/FSR_Databricks/d83c6241-ed5b-44ba-bc62-41ed5b84ba34.pdf
296946,SY0080824,Gas Turbine,9E.03,Minor Inspection,EVP-504940,EV-118301,10347791,FSP-270815,A-1472382 | C-10347791,,01-Jun-21,11-04-2021,18-05-2021,/Volumes/vgpd/fsr_std_views/fsr_std_vol/FSR_After_2016/FSR_Databricks/d8ae13b1-898e-41b7-ae13-b1898ec1b732.pdf
296946,SY0080824,Gas Turbine,9E.03,Minor Inspection,EVP-504940,EV-118300,10347791,FSP-270815,A-1472382 | C-10347791,,01-Jun-21,12-02-2021,18-05-2021,/Volumes/vgpd/fsr_std_views/fsr_std_vol/FSR_After_2016/FSR_Databricks/d8ae13b1-898e-41b7-ae13-b1898ec1b732.pdf
316X953,SY0067080,Generator,9EC,Minor Inspection,EVP-504940,EV-118301,10347791,FSP-270815,A-1472382 | C-10347791,,01-Jun-21,11-04-2021,18-05-2021,/Volumes/vgpd/fsr_std_views/fsr_std_vol/FSR_After_2016/FSR_Databricks/d8ae13b1-898e-41b7-ae13-b1898ec1b732.pdf
316X953,SY0067080,Generator,9EC,Minor Inspection,EVP-504940,EV-118300,10347791,FSP-270815,A-1472382 | C-10347791,,01-Jun-21,12-02-2021,18-05-2021,/Volumes/vgpd/fsr_std_views/fsr_std_vol/FSR_After_2016/FSR_Databricks/d8ae13b1-898e-41b7-ae13-b1898ec1b732.pdf
,SY0010175,Generator,GTD 1725KT,On Site Services,,,NEX-P-283883 | SP-EE0-005670,,,,,21-Jan-21,,/Volumes/vgpd/fsr_std_views/fsr_std_vol/FSR_After_2016/FSR_Databricks/d8f2f28a-9776-436a-b2f2-8a9776c36a5d.pdf
299377,SY0335035,Gas Turbine,9FA.03,Hot Gas Path Inspection (HGPI),,EV-EV_PRJ123,ERP-EG0-990002,,,,28-May-23,15-Apr-23,18-May-23,/Volumes/vgpd/fsr_std_views/fsr_std_vol/FSR_After_2016/FSR_Databricks/db498efa-807a-4486-a380-a158ee952f01.pdf
324X034,SY1392780,Generator,324,Hot Gas Path Inspection (HGPI),,EV-EV_PRJ123,ERP-EG0-990002,,,,28-May-23,15-Apr-23,18-May-23,/Volumes/vgpd/fsr_std_views/fsr_std_vol/FSR_After_2016/FSR_Databricks/db498efa-807a-4486-a380-a158ee952f01.pdf
804240,SY0048078,Gas Turbine,GT11N,C Inspection,EVP-505285,EV-116914,10336538,FSP-274400,C-10336538,,,19-Jul-20,14-09-2020,/Volumes/vgpd/fsr_std_views/fsr_std_vol/FSR_After_2016/FSR_Databricks/dc63ee50-2411-4c3b-a3ee-502411cc3bee.pdf
297366 | 337X721,,,,Major Inspection (MI),EVP-506145,EV-108526,10342473,FSP-282656,C-10342473,,,30-03-2020,09-05-2020,/Volumes/vgpd/fsr_std_views/fsr_std_vol/FSR_After_2016/FSR_Databricks/ddfe8c35-67fe-4f08-be8c-3567fe2f0858.pdf
297366 | 337X721,,,,Major Inspection (MI),EVP-506145,EV-108525,10342473,FSP-282656,C-10342473,,,30-03-2020,23-04-2020,/Volumes/vgpd/fsr_std_views/fsr_std_vol/FSR_After_2016/FSR_Databricks/ddfe8c35-67fe-4f08-be8c-3567fe2f0858.pdf
170X848,SY0018731,Steam Turbine,G3,Major Inspection (Rotor Out),,,NEX-P-187369 | SP-10333873,,,,29-Jun-21,08-Mar-21,,/Volumes/vgpd/fsr_std_views/fsr_std_vol/FSR_After_2016/FSR_Databricks/de094628-da61-4f67-8946-28da619f67f3.pdf
180X848,SY0010378,Generator,WATER-COOLE,Major Inspection (Rotor Out),,,NEX-P-187369 | SP-10333873,,,,29-Jun-21,08-Mar-21,,/Volumes/vgpd/fsr_std_views/fsr_std_vol/FSR_After_2016/FSR_Databricks/de094628-da61-4f67-8946-28da619f67f3.pdf
178414 | 8357241,,,,Call-Out,,,NEX-P-272900 | SP-ES0-011682,,,,,,,/Volumes/vgpd/fsr_std_views/fsr_std_vol/FSR_After_2016/FSR_Databricks/de16df51-c46e-4cdc-96df-51c46e2cdc1f.pdf
299399,SY0502490,Gas Turbine,7FA.04,Borescope Inspection (BI),EVP-507247,EV-112442,10345426,FSP-287046,A-1588366 | C-10345426,,,23-11-2020,25-11-2020,/Volumes/vgpd/fsr_std_views/fsr_std_vol/FSR_After_2016/FSR_Databricks/de4eeb2a-5536-40d5-8eeb-2a553650d596.pdf
299527,SY1368120,Gas Turbine,7HA.02,Borescope Inspection (BI),EVP-508534,EV-116966,10349038,FSP-292467,A-1604880 | C-10349038,,,01-11-2020,11-11-2020,/Volumes/vgpd/fsr_std_views/fsr_std_vol/FSR_After_2016/FSR_Databricks/df470dd1-46c3-4af5-870d-d146c34af508.pdf
298826 | 290T784,,,,Hot Gas Path Inspection (HGPI),EVP-504377,EV-122209,1410554,FSP-258274,A-1410554,,,15-10-2020,16-11-2020,/Volumes/vgpd/fsr_std_views/fsr_std_vol/FSR_After_2016/FSR_Databricks/dfdbf8e5-93bc-4353-9bf8-e593bc2353d6.pdf
198079,SY0052048,Steam Turbine,107SCSF,Major Inspection (MI),EVP-505848,EV-108840,10344268,FSP-280276,C-10344268,,,08-06-2020,30-08-2020,/Volumes/vgpd/fsr_std_views/fsr_std_vol/FSR_After_2016/FSR_Databricks/dfe90ead-ffa7-45e4-a90e-adffa795e4c7.pdf
942193,SY1375507 | SY1402408,Steam Turbine,DKY2-1N38,A Inspection,,,NEX-P-259153 | SP-10350503,,,,31-May-21,01-Mar-21,,/Volumes/vgpd/fsr_std_views/fsr_std_vol/FSR_After_2016/FSR_Databricks/e058f5dd-ca10-4ae1-98f5-ddca101ae18f.pdf
890395 | 954X240,,,,Combustion Inspection (CI),EVP-507755,EV-120744,10347864,FSP-289089,C-10347864,,,15-06-2020,28-06-2020,/Volumes/vgpd/fsr_std_views/fsr_std_vol/FSR_After_2016/FSR_Databricks/e0ffa7bd-62ed-4b06-bfa7-bd62ed6b063b.pdf
297104,SY0048290,Gas Turbine,7FA.03,Digital,EVP-512247,EV-114041,10358234,FSP-304838,A-1653398 | C-10358234,,,20-10-2021,17-12-2021,/Volumes/vgpd/fsr_std_views/fsr_std_vol/FSR_After_2016/FSR_Databricks/e1e65c25-daac-43e7-a65c-25daac33e703.pdf
SY0488863,,,,Minor Inspection,EVP-503900,EV-123735,10316856,FSP-236933,C-10316856,,,19-10-2020,24-10-2020,/Volumes/vgpd/fsr_std_views/fsr_std_vol/FSR_After_2016/FSR_Databricks/e2bff441-032d-4088-bff4-41032da088b8.pdf
297926,SY0070173,Gas Turbine,7FA.04,Minor Inspection,EVP-505089,EV-113900,10335185,FSP-272266,A-1544016 | C-10335185,,,19-10-2020,21-10-2020,/Volumes/vgpd/fsr_std_views/fsr_std_vol/FSR_After_2016/FSR_Databricks/e841f80e-aa37-46ac-81f8-0eaa3716ac7b.pdf
SY0035011,,,,Major Inspection (Stator Rewind),,,,FSP-278287,C-10339128,,,,,/Volumes/vgpd/fsr_std_views/fsr_std_vol/FSR_After_2016/FSR_Databricks/ea347b81-bfd4-4b46-b47b-81bfd42b465b.pdf
815096 | WTF 122 PQ,,,,,,,,FSP-283140,C-10343503,,,,,/Volumes/vgpd/fsr_std_views/fsr_std_vol/FSR_After_2016/FSR_Databricks/ea850d16-2787-4bd2-850d-1627870bd289.pdf
298397 | 337X566,,,,Major Inspection (MI),EVP-503669,EV-120480,10310432,FSP-225144,A-1410950 | C-10310432,,,21-09-2020,14-11-2020,/Volumes/vgpd/fsr_std_views/fsr_std_vol/FSR_After_2016/FSR_Databricks/eaf01074-a2a4-4317-b010-74a2a423176f.pdf
SY0047160,,,,Minor Inspection,EVP-509943,EV-109916,10352209,FSP-297243,C-10352209,,,03-10-2020,03-10-2020,/Volumes/vgpd/fsr_std_views/fsr_std_vol/FSR_After_2016/FSR_Databricks/eeb206fa-a0ae-4069-b206-faa0ae506966.pdf
SY0034134,,,,Minor Inspection,,,NEX-P-268683 | SP-EE0-005700,,,FSR200215,,,,/Volumes/vgpd/fsr_std_views/fsr_std_vol/FSR_After_2016/FSR_Databricks/f006fa81-5e10-4ced-86fa-815e105ced42.pdf
875011,SY0114455,Gas Turbine,6FA.03,Digital,,,,FSP-289011,A-1595330 | C-10346675,,,,,/Volumes/vgpd/fsr_std_views/fsr_std_vol/FSR_After_2016/FSR_Databricks/f0e6ac9f-39cc-4d9c-a6ac-9f39ccfd9c36.pdf
,SY0037394,Steam Turbine,DEG9044,Minor Inspection,,,NEX-P-225082 | SP-10334734,,,,,,,/Volumes/vgpd/fsr_std_views/fsr_std_vol/FSR_After_2016/FSR_Databricks/f28b0cfc-0240-47f1-8b0c-fc024077f175.pdf
282369,SY0340475,Gas Turbine,9E.03,Stand Alone Large Upgrade,EVP-502069,EV-104078,10328666,FSP-257365,C-10328666,,,06-11-2020,29-03-2021,/Volumes/vgpd/fsr_std_views/fsr_std_vol/FSR_After_2016/FSR_Databricks/f28beb1b-adb0-49e7-8beb-1badb029e7e7.pdf
270T777 | 290T777,,,,Minor Inspection,EVP-502074,EV-104342,10328509,FSP-260608,A-1521284 | C-10328509,,,28-12-2020,14-01-2021,/Volumes/vgpd/fsr_std_views/fsr_std_vol/FSR_After_2016/FSR_Databricks/f3fb982c-4411-4799-bb98-2c4411879974.pdf
HM300511 | 50WY18L-068LL3,,,,Major Inspection (Rotor Out),EVP-507538,EV-117665,10350061,FSP-288257,C-10350061,,,01-10-2020,14-12-2020,/Volumes/vgpd/fsr_std_views/fsr_std_vol/FSR_After_2016/FSR_Databricks/f49fdecb-94e4-439a-9fde-cb94e4a39a04.pdf
815061,SY0021307,Steam Turbine,W21R28,Minor Inspection,,,NEX-P-255982 | SP-10346631,,,,10-May-23,03-Apr-23,22-Apr-23,/Volumes/vgpd/fsr_std_views/fsr_std_vol/FSR_After_2016/FSR_Databricks/f5f295ca-120a-4e67-a609-64c265a942df.pdf
815062,SY0012700,Generator,SGTH-25892,Minor Inspection,,,NEX-P-255982 | SP-10346631,,,,10-May-23,03-Apr-23,22-Apr-23,/Volumes/vgpd/fsr_std_views/fsr_std_vol/FSR_After_2016/FSR_Databricks/f5f295ca-120a-4e67-a609-64c265a942df.pdf
282625 | 335X297,,,,Unusual,EVP-509926,EV-113861,10352177,FSP-297208,C-10352177,,,17-08-2020,14-01-2021,/Volumes/vgpd/fsr_std_views/fsr_std_vol/FSR_After_2016/FSR_Databricks/f8c52326-9658-4fb5-8523-2696588fb599.pdf
SY0188800,,,,Call-Out,EVP-511201,EV-120163,10355815,FSP-301787,C-10355815,,,14-12-2020,18-12-2020,/Volumes/vgpd/fsr_std_views/fsr_std_vol/FSR_After_2016/FSR_Databricks/f8d3f68c-0cc6-42ea-93f6-8c0cc6f2eade.pdf
297914,SY0071040,Gas Turbine,7FA.04,Borescope Inspection (BI),EVP-504762,EV-110911,10333319,FSP-268382,A-1533796 | C-10333319,,,02-11-2020,13-11-2020,/Volumes/vgpd/fsr_std_views/fsr_std_vol/FSR_After_2016/FSR_Databricks/fc405c55-2be7-4f58-805c-552be7ef58ad.pdf
296946,SY0080824,Gas Turbine,9E.03,Major Inspection (Rotor Out),EVP-512492,EV-110284,10358770,FSP-305519,A-1656602 | C-10358770,,,06-02-2021,18-05-2021,/Volumes/vgpd/fsr_std_views/fsr_std_vol/FSR_After_2016/FSR_Databricks/fd310066-2ac6-4a38-b100-662ac6aa3858.pdf
170X474 | 180X474,,,,Minor Inspection,,,NEX-P-245753 | SP-ES0-011996,,,,,,,/Volumes/vgpd/fsr_std_views/fsr_std_vol/FSR_After_2016/FSR_Databricks/fddae9ea-e0a6-4e2c-9ae9-eae0a65e2c06.pdf
809939 | Major,,,,Hot Gas Path Inspection (HGPI),EVP-500689,EV-103812,10341968,FSP-225733,A-1449388 | C-10341968,,,05-12-2020,28-12-2020,/Volumes/vgpd/fsr_std_views/fsr_std_vol/FSR_After_2016/FSR_Databricks/fe020d46-49a5-4137-820d-4649a5113785.pdf
809939 | Major,,,,Hot Gas Path Inspection (HGPI),EVP-500689,EV-103811,10341968,FSP-225733,A-1449388 | C-10341968,,,05-12-2020,28-12-2020,/Volumes/vgpd/fsr_std_views/fsr_std_vol/FSR_After_2016/FSR_Databricks/fe020d46-49a5-4137-820d-4649a5113785.pdf
297199,SY0070471,Gas Turbine,7FA.03,Call-Out,EVP-510347,EV-113839,10353341,FSP-298370,C-10353341,,,28-09-2020,02-10-2020,/Volumes/vgpd/fsr_std_views/fsr_std_vol/FSR_After_2016/FSR_Databricks/fe77b45e-55b7-4d9a-b7b4-5e55b74d9a34.pdf
